path	review_signals	signals_count
apps/backend/src/app/app.test.ts	"5:getSessionMock: vi.fn(), | 6:authHandlerMock: vi.fn(), | 7:registerLangsmithRoutesMock: vi.fn(), | 10:vi.mock(""../auth/config.js"", () => ({ | 17:vi.mock(""../routes/langsmith.js"", () => ({ | 21:vi.mock(""../routes/v1/index.js"", () => ({ | 49:vi.mock(""../routes/openapi.js"", () => ({ | 50:registerOpenapiRoutes: vi.fn(), | 53:vi.mock(""../routes/mcp.js"", () => ({ | 54:registerMcpRoutes: vi.fn(),"	15
apps/backend/src/auth/config.test.ts		0
apps/backend/src/auth/oauth-gateway-request.test.ts		0
apps/backend/src/auth/verification-email-url.test.ts		0
apps/backend/src/auth/withAuth.test.ts	"15:getSessionMock: vi.fn(), | 16:authHandlerMock: vi.fn(), | 17:jwtVerifyMock: vi.fn(), | 18:createLocalJWKSetMock: vi.fn(), | 19:getSystemDbMock: vi.fn(), | 20:withOrgDbContextMock: vi.fn(), | 26:vi.mock(""jose"", async (importOriginal) => { | 35:vi.mock(""./config.js"", () => ({ | 44:vi.mock(""../db/client.js"", () => ({ | 91:select: vi.fn((fields?: unknown) => {"	22
apps/backend/src/db/client.org-context.test.ts	"3:const executeMock = vi.fn() | 4:const transactionMock = vi.fn( | 9:vi.mock(""pg"", () => ({ | 26:vi.mock(""drizzle-orm/node-postgres"", () => ({ | 37:vi.mock(""./transientDbRetry.js"", () => ({"	5
apps/backend/src/db/gateway-guards.test.ts	"3:const executeMock = vi.fn() | 4:const transactionMock = vi.fn( | 9:vi.mock(""pg"", () => ({ | 26:vi.mock(""drizzle-orm/node-postgres"", () => ({ | 37:vi.mock(""./transientDbRetry.js"", () => ({ | 43:vi.mock(""../openworkflow/client.js"", () => ({ | 44:runWorkflowWithWorkerWake: vi.fn(), | 47:vi.mock(""../openworkflow/workflows/workspace-index.js"", () => ({"	8
apps/backend/src/db/get-org-db-audit.test.ts	"1:import { readdirSync, readFileSync, statSync } from ""node:fs"" | 33:const text = readFileSync(file, ""utf8"") | 61:const text = readFileSync(file, ""utf8"") | 96:const workspaces = readFileSync(join(SRC, ""models/workspaces.ts""), ""utf8"") | 97:const sandboxes = readFileSync("	5
apps/backend/src/db/migrate-checkpoints.test.ts	"4:const setup = vi.fn() | 5:const end = vi.fn() | 9:vi.mock(""pg"", () => ({ | 17:vi.mock(""@langchain/langgraph-checkpoint-postgres"", () => ({"	4
apps/backend/src/db/migrate-openworkflow.test.ts	"4:const stop = vi.fn() | 5:const connect = vi.fn(async () => ({ stop })) | 9:vi.mock(""openworkflow/postgres"", () => ({"	3
apps/backend/src/db/owner-migrate-url.test.ts		0
apps/backend/src/db/provision-app-role.test.ts		0
apps/backend/src/db/rls-isolation.test.ts		0
apps/backend/src/db/transientDbRetry.test.ts	117:query: vi.fn(async () => { | 134:const underlying = vi.fn( | 143:const cb = vi.fn()	3
apps/backend/src/domain/codeIngestion/codesearchClient.test.ts	"4:vi.fn(async () => ""signed-codesearch-jwt""), | 7:vi.mock(""../../auth/upstreamJwt.js"", () => ({ | 11:vi.mock(""../../config/env.js"", () => ({ | 19:vi.mock(""../../db/client.js"", () => ({ | 37:const fetchMock = vi.fn( | 44:vi.stubGlobal(""fetch"", fetchMock) | 70:const fetchMock = vi.fn( | 73:vi.stubGlobal(""fetch"", fetchMock) | 89:const fetchMock = vi.fn( | 92:vi.stubGlobal(""fetch"", fetchMock)"	16
apps/backend/src/domain/codeIngestion/codesearchIndexPhases.test.ts	"3:const signUpstreamJwtMock = vi.hoisted(() => vi.fn()) | 4:const parseEnvMock = vi.hoisted(() => vi.fn()) | 5:const codesearchBaseUrlMock = vi.hoisted(() => vi.fn()) | 7:vi.mock(""../../auth/upstreamJwt.js"", () => ({ | 10:vi.mock(""../../config/env.js"", () => ({ | 13:vi.mock(""../../lib/agentToolRuntime.js"", () => ({ | 16:vi.mock(""../../lib/withTransientHttpRetry.js"", () => ({ | 19:vi.mock(""../../observability/logger.js"", () => ({ | 20:log: { info: vi.fn(), error: vi.fn(), warn: vi.fn() }, | 35:vi.stubGlobal("	15
apps/backend/src/domain/codeIngestion/dependencyVendorPaths.test.ts		0
apps/backend/src/domain/conversations/workspace-history.test.ts	"3:const loadTurnsMock = vi.hoisted(() => vi.fn()) | 4:const runTanstackWorkspaceChatMock = vi.hoisted(() => vi.fn()) | 5:const loadThreadMock = vi.hoisted(() => vi.fn(async () => [])) | 7:vi.mock(""../../models/conversation-messages.js"", () => ({ | 11:vi.mock(""../workspaces/workspace-chat-persistence.js"", () => ({ | 22:vi.mock(""../../observability/langfuse.js"", () => ({ | 23:getLangfuseHandler: vi.fn(), | 27:vi.mock(""../workspaces/tanstack-workspace-chat.js"", () => ({"	8
apps/backend/src/domain/indexingSteps.test.ts		0
apps/backend/src/domain/workspaces/bind-github-connection.test.ts	"3:const getGithubInstallationByConnectionIdMock = vi.hoisted(() => vi.fn()) | 4:const resolveGithubInstallationForOrgDetailedMock = vi.hoisted(() => vi.fn()) | 6:vi.mock(""../../models/github-installation.js"", () => ({"	3
apps/backend/src/domain/workspaces/bootstrap.test.ts		0
apps/backend/src/domain/workspaces/chat-lifecycle.test.ts		0
apps/backend/src/domain/workspaces/chat-pull-request.test.ts		0
apps/backend/src/domain/workspaces/chat-runtime.test.ts	"2:import { existsSync, mkdtempSync, readFileSync, writeFileSync } from ""node:fs"" | 125:expect(readFileSync(join(home, ""opencode.json""), ""utf8"")).toContain( | 128:const exclude = readFileSync(join(repo, "".git/info/exclude""), ""utf8"") | 135:const dockerfile = readFileSync("	4
apps/backend/src/domain/workspaces/chat-sandbox-policy.test.ts	"156:const judge = vi.fn(async () => ""deny"" as const)"	1
apps/backend/src/domain/workspaces/checkout-read.test.ts	"3:const findRepositoriesByNormalizedGitUrls = vi.hoisted(() => vi.fn()) | 4:const listCheckoutTree = vi.hoisted(() => vi.fn()) | 5:const fetchCheckoutFileBytes = vi.hoisted(() => vi.fn()) | 6:const requireCurrentOrgId = vi.hoisted(() => vi.fn(() => ""org_1"")) | 8:vi.mock(""../../auth/context.js"", () => ({ | 12:vi.mock(""../../models/repositories.js"", () => ({ | 16:vi.mock(""../codeIngestion/codesearchClient.js"", () => ({"	7
apps/backend/src/domain/workspaces/claim-confidence.test.ts		0
apps/backend/src/domain/workspaces/clone-credentials.test.ts		0
apps/backend/src/domain/workspaces/commit-activity.test.ts		0
apps/backend/src/domain/workspaces/commit-subject.test.ts		0
apps/backend/src/domain/workspaces/complete-persisted-workspace-chat-run.test.ts	6:const update = vi.fn(async () => {}) | 28:const update = vi.fn(async () => {})	2
apps/backend/src/domain/workspaces/conversation-files.test.ts		0
apps/backend/src/domain/workspaces/conversation-publish.test.ts		0
apps/backend/src/domain/workspaces/derived-stores.test.ts	32:const embed = vi.fn().mockResolvedValue([[0.1, 0.2]])	1
apps/backend/src/domain/workspaces/dest-workspace-assignment.test.ts		0
apps/backend/src/domain/workspaces/dest-workspace-backfill.migration.test.ts	"1:import { existsSync, readFileSync } from ""node:fs"" | 7:const migrationSql = readFileSync("	2
apps/backend/src/domain/workspaces/dest-workspace-first.test.ts		0
apps/backend/src/domain/workspaces/ensure-org-repository.test.ts	"3:const findRepositoriesByNormalizedGitUrlsMock = vi.hoisted(() => vi.fn()) | 4:const bulkCreateRepositoriesForOrgMock = vi.hoisted(() => vi.fn()) | 5:const setRepositoryGithubConnectionIdMock = vi.hoisted(() => vi.fn()) | 6:const enqueueRepositoryIngestionWorkflowMock = vi.hoisted(() => vi.fn()) | 8:vi.mock(""../../models/repositories.js"", () => ({ | 14:vi.mock(""../../openworkflow/enqueue-repository-ingestion.js"", () => ({ | 44:const log = { error: vi.fn() }"	7
apps/backend/src/domain/workspaces/file-tree.test.ts		0
apps/backend/src/domain/workspaces/git-explorer.test.ts		0
apps/backend/src/domain/workspaces/git-file-jobs.test.ts		0
apps/backend/src/domain/workspaces/hydrate-phases.test.ts		0
apps/backend/src/domain/workspaces/hydrate-write-jobs.test.ts		0
apps/backend/src/domain/workspaces/hydrate.test.ts		0
apps/backend/src/domain/workspaces/job-sandbox.live.test.ts		0
apps/backend/src/domain/workspaces/job-sandbox.test.ts	"15:vi.fn( | 22:const deleteSandboxInstance = vi.hoisted(() => vi.fn(async () => {})) | 23:const persistSandboxInstance = vi.hoisted(() => vi.fn(async () => {})) | 25:vi.mock(""../../models/workspaces.js"", () => ({ | 29:listSandboxInstances: vi.fn(async () => []), | 30:heartbeatSandboxInstance: vi.fn(async () => {}), | 31:getSandboxInstance: vi.fn(async () => null), | 34:const destroyDetachedProviderSandbox = vi.hoisted(() => vi.fn(async () => {})) | 36:vi.mock(""./sandbox-provider.js"", async (importOriginal) => { | 102:const create = vi.fn()"	40
apps/backend/src/domain/workspaces/job-worktree.test.ts	168:const exec = vi.fn(async (command: string) => { | 193:const exec = vi.fn(async (command: string) => {	2
apps/backend/src/domain/workspaces/layout.test.ts		0
apps/backend/src/domain/workspaces/migration-export.test.ts		0
apps/backend/src/domain/workspaces/opencode-chat-stream.test.ts		0
apps/backend/src/domain/workspaces/project-workspace-commits.test.ts	"3:const getWorkspaceByIdMock = vi.hoisted(() => vi.fn()) | 4:const getWorkspaceCommitProjectionMock = vi.hoisted(() => vi.fn()) | 5:const listWorkspaceCommitShasMock = vi.hoisted(() => vi.fn()) | 6:const insertWorkspaceRepositoryCommitsMock = vi.hoisted(() => vi.fn()) | 7:const pruneWorkspaceRepositoryCommitsMock = vi.hoisted(() => vi.fn()) | 8:const upsertWorkspaceCommitProjectionMock = vi.hoisted(() => vi.fn()) | 9:const fetchGithubWorkspaceCommitsMock = vi.hoisted(() => vi.fn()) | 11:vi.mock(""../../models/workspaces.js"", () => ({ | 15:vi.mock(""../../models/workspace-commits.js"", () => ({ | 23:vi.mock(""./fetch-github-commits.js"", () => ({"	10
apps/backend/src/domain/workspaces/relink.test.ts		0
apps/backend/src/domain/workspaces/rename-rewrite.test.ts		0
apps/backend/src/domain/workspaces/revision.test.ts		0
apps/backend/src/domain/workspaces/sandbox-instance-store.test.ts	"3:const getSandboxInstance = vi.hoisted(() => vi.fn()) | 4:const persistSandboxInstance = vi.hoisted(() => vi.fn(async () => {})) | 5:const deleteSandboxInstance = vi.hoisted(() => vi.fn(async () => {})) | 6:const listSandboxInstances = vi.hoisted(() => vi.fn()) | 8:vi.mock(""../../models/workspaces.js"", () => ({ | 14:vi.mock(""../../db/client.js"", () => ({"	6
apps/backend/src/domain/workspaces/sandbox-provider.test.ts	"8:const dockerSandbox = vi.hoisted(() => vi.fn()) | 9:const sbxSandbox = vi.hoisted(() => vi.fn()) | 10:const dockerPing = vi.hoisted(() => vi.fn(async () => undefined)) | 12:vi.mock(""@tanstack/ai-sandbox-docker"", () => ({ | 17:vi.mock(""dockerode"", () => ({ | 75:const destroy = vi.fn(async () => undefined) | 76:const resume = vi.fn(async () => null) | 90:const destroy = vi.fn(async () => undefined)"	8
apps/backend/src/domain/workspaces/sandbox-registry.test.ts	"28:const destroyDetachedProviderSandbox = vi.hoisted(() => vi.fn(async () => {})) | 30:vi.mock(""./sandbox-provider.js"", () => ({ | 35:vi.fn(async (_orgId: string, fn: () => Promise<unknown>) => fn()), | 38:vi.mock(""../../db/client.js"", () => ({ | 47:vi.fn( | 55:vi.fn( | 63:vi.fn(async (_id?: string, _orgId?: string | null) => {}), | 65:const persistSandboxInstance = vi.hoisted(() => vi.fn(async () => {})) | 66:const heartbeatSandboxInstance = vi.hoisted(() => vi.fn(async () => {})) | 68:vi.fn("	13
apps/backend/src/domain/workspaces/slug.test.ts		0
apps/backend/src/domain/workspaces/tanstack-workspace-chat-persist.test.ts	"57:vi.fn(async function* (opts: { threadId: string; runId?: string }) { | 78:vi.mock(""@tanstack/ai"", () => ({ | 80:toServerSentEventsResponse: vi.fn(), | 81:toHttpResponse: vi.fn(), | 85:vi.mock(""@tanstack/ai-persistence"", () => ({ | 86:withPersistence: vi.fn((persistence: unknown) => persistence), | 88:vi.mock(""@tanstack/ai/middlewares/otel"", () => ({ | 91:vi.mock(""@tanstack/ai-opencode"", () => ({ | 92:opencodeText: vi.fn(() => ""adapter""), | 94:vi.mock(""@tanstack/ai-sandbox"", () => ({"	29
apps/backend/src/domain/workspaces/tanstack-workspace-chat.live.test.ts	"36:vi.mock(""../../auth/config.js"", () => ({ | 42:vi.mock(""../../auth/withAuth.js"", () => ({ | 46:vi.mock(""../../db/client.js"", () => ({ | 53:vi.mock(""../../graphs/conversationGraph/nodes/conversationNaming.js"", () => ({ | 54:nameConversationIfUnnamed: vi.fn().mockResolvedValue(null), | 57:vi.mock(""../../models/conversation-messages.js"", () => ({ | 58:loadConversationTurns: vi.fn(async () => []), | 59:appendConversationTurn: vi.fn(async () => {}), | 62:vi.mock(""../../models/conversations.js"", () => ({ | 63:getConversation: vi.fn(async (id: string) => ({"	24
apps/backend/src/domain/workspaces/tanstack-workspace-chat.multiturn.test.ts	"181:describe.skipIf(!opencodeOnPath())(""live two-turn workspace chat"", () => {"	1
apps/backend/src/domain/workspaces/tanstack-workspace-chat.test.ts	"4:vi.fn(async function* (opts: { threadId?: string; runId?: string }) { | 15:vi.fn((_model?: string, _opts?: { port?: number }) => ""adapter""), | 18:vi.fn(async () => ({ | 21:exec: vi.fn(async () => ({ stdout: """", stderr: """", exitCode: 0 })), | 23:destroy: vi.fn(async () => {}), | 27:vi.fn( | 39:const invalidateChatSandboxMock = vi.hoisted(() => vi.fn(async () => {})) | 40:const defineWorkspaceMock = vi.hoisted(() => vi.fn((input) => input)) | 41:const gitSourceMock = vi.hoisted(() => vi.fn((input) => input)) | 43:vi.fn((def: unknown, _opts?: unknown) => def),"	53
apps/backend/src/domain/workspaces/tip-resolve.test.ts	"80:const persist = vi.fn(async () => true) | 113:const persist = vi.fn(async () => true) | 149:const resolveTip = vi.fn(async () => ""newer-tip"") | 150:const reloadDesiredSha = vi.fn(async () => ""mid-tip"") | 179:const persist = vi.fn(async () => true) | 180:const resolveTip = vi.fn(async (_url: string, ref: string | null) => { | 210:const persist = vi.fn(async () => true)"	7
apps/backend/src/domain/workspaces/workspace-chat-agui.test.ts		0
apps/backend/src/domain/workspaces/workspace-chat-assistant-text.test.ts		0
apps/backend/src/domain/workspaces/workspace-chat-model-proxy.test.ts		0
apps/backend/src/domain/workspaces/workspace-chat-opencode-contract.test.ts	"1:import { readFileSync } from ""node:fs"" | 189:expect(readFileSync(configPath, ""utf8"")).toContain(""enabled_providers"")"	2
apps/backend/src/domain/workspaces/workspace-chat-opencode-messages.test.ts		0
apps/backend/src/domain/workspaces/workspace-chat-opencode-port.test.ts		0
apps/backend/src/domain/workspaces/workspace-chat-otel.test.ts		0
apps/backend/src/domain/workspaces/workspace-chat-persistence.test.ts		0
apps/backend/src/domain/workspaces/workspace-chat-retrieval.test.ts		0
apps/backend/src/domain/workspaces/workspace-chat-sandbox-health.test.ts	"23:const deleteSandboxInstance = vi.hoisted(() => vi.fn(async () => {})) | 25:vi.fn(async (): Promise<Array<{ id: string }>> => [{ id: ""sbx_1"" }]), | 28:vi.mock(""../../db/client.js"", () => ({ | 32:vi.mock(""../../models/workspaces.js"", () => ({ | 39:const destroy = vi.fn(async () => {})"	5
apps/backend/src/domain/workspaces/workspace-chat-sandbox-key.test.ts	219:const create = vi.fn(async (input: SandboxCreateInput) => | 222:const resume = vi.fn(async (input: SandboxResumeInput) =>	2
apps/backend/src/domain/workspaces/workspace-chat-sandbox-memo.test.ts	"15:const create = vi.fn(() => ""local-provider"") | 20:const missing = vi.fn(() => undefined) | 25:const later = vi.fn(() => ""docker-provider"") | 31:const create = vi.fn((handle) => { | 72:const create = vi.fn(() => ({ id: ""def_1"" }))"	5
apps/backend/src/domain/workspaces/workspace-chat-send-runtime.test.ts	"3:const ensureConversationMock = vi.hoisted(() => vi.fn()) | 4:const getWorkspaceByIdMock = vi.hoisted(() => vi.fn()) | 5:const resolveWorkspaceChatTurnRuntimeMock = vi.hoisted(() => vi.fn()) | 7:vi.mock(""../../models/conversations.js"", () => ({ | 9:touchConversationLastMessage: vi.fn(async () => {}), | 11:vi.mock(""../../models/workspaces.js"", () => ({ | 14:vi.mock(""../../config/env.js"", () => ({ | 17:vi.mock(""./workspace-chat-turn-runtime.js"", () => ({"	8
apps/backend/src/domain/workspaces/workspace-chat-tools.test.ts	"15:const getWorkspaceById = vi.hoisted(() => vi.fn()) | 16:const listLinkedRepositories = vi.hoisted(() => vi.fn()) | 17:const findRepositoriesByNormalizedGitUrls = vi.hoisted(() => vi.fn()) | 19:vi.fn(async () => ({ | 26:vi.mock(""../../db/client.js"", () => ({ | 41:vi.mock(""../../auth/withAuth.js"", () => ({ | 45:vi.mock(""../../models/workspaces.js"", () => ({ | 50:vi.mock(""../../models/repositories.js"", () => ({ | 54:vi.mock(""../../platform/graph/client.js"", () => ({"	9
apps/backend/src/domain/workspaces/workspace-chat-turn-runtime.test.ts	"3:const resolveGithubDefaultBranchMock = vi.hoisted(() => vi.fn()) | 4:const getRepoReadCloneTokenMock = vi.hoisted(() => vi.fn()) | 5:const githubRefExistsMock = vi.hoisted(() => vi.fn()) | 7:vi.mock(""../../routes/webhooks/github/github-workspace-tip.js"", () => ({ | 11:vi.mock(""../../models/github-installation.js"", () => ({ | 15:vi.mock(""../../services/github/installation-write-client.js"", () => ({ | 19:vi.mock(""../../models/conversations.js"", () => ({ | 20:persistConversationLastBranch: vi.fn(async () => {}),"	8
apps/backend/src/domain/workspaces/workspace-graph.test.ts		0
apps/backend/src/domain/workspaces/workspace-lifecycle.test.ts	"3:const createWorkspaceMock = vi.hoisted(() => vi.fn()) | 4:const updateWorkspaceMock = vi.hoisted(() => vi.fn()) | 5:const resolveWorkspaceGithubConnectionIdMock = vi.hoisted(() => vi.fn()) | 6:const ensureOrgRepositoryForGitUrlMock = vi.hoisted(() => vi.fn()) | 7:const destroySandboxesForWorkspaceMock = vi.hoisted(() => vi.fn()) | 8:const enqueueWorkspaceHydrateMock = vi.hoisted(() => vi.fn()) | 9:const enqueueWorkspaceTipCheckMock = vi.hoisted(() => vi.fn()) | 10:const enqueueWorkspaceWriteCommitMock = vi.hoisted(() => vi.fn()) | 12:vi.mock(""../../models/workspaces.js"", () => ({ | 17:vi.mock(""./bind-github-connection.js"", () => ({"	16
apps/backend/src/domain/workspaces/write-commit-files.test.ts		0
apps/backend/src/domain/workspaces/write-job-agent.test.ts	64:const withSandbox = vi.fn()	1
apps/backend/src/domain/workspaces/write-job-intent.test.ts		0
apps/backend/src/domain/workspaces/write-job-resume.test.ts	7:const claim = vi.fn().mockResolvedValue(true) | 8:const enqueue = vi.fn().mockResolvedValue(undefined) | 9:const log = { error: vi.fn() } | 56:const claim = vi.fn().mockResolvedValue(false) | 57:const enqueue = vi.fn() | 76:log: { error: vi.fn() },	6
apps/backend/src/domain/workspaces/write-jobs.test.ts		0
apps/backend/src/domain/workspaces/write-runner.test.ts		0
apps/backend/src/domain/workspaces/write-status.test.ts		0
apps/backend/src/graphs/codeIngestionGraph/extractionSubgraph.test.ts		0
apps/backend/src/graphs/codeIngestionGraph/nodes/deduplicateAndStore.test.ts	"23:const db = { select: vi.fn() } as unknown as Db | 33:const limit = vi.fn().mockResolvedValue([{ id: ""obj_existing"" }]) | 34:const where = vi.fn().mockReturnValue({ limit }) | 35:const from = vi.fn().mockReturnValue({ where }) | 37:select: vi.fn().mockReturnValue({ from }), | 50:const limit = vi.fn().mockResolvedValue([]) | 51:const where = vi.fn().mockReturnValue({ limit }) | 52:const from = vi.fn().mockReturnValue({ where }) | 54:select: vi.fn().mockReturnValue({ from }), | 62:const db = { select: vi.fn() } as unknown as Db"	14
apps/backend/src/graphs/codeIngestionGraph/nodes/embed.test.ts	"5:const generateEmbeddingsMock = vi.hoisted(() => vi.fn()) | 7:vi.fn().mockResolvedValue(undefined), | 9:const getOrgDbMock = vi.hoisted(() => vi.fn()) | 11:vi.mock(""../../../retrieval/services/modelProvider.js"", () => ({ | 16:vi.mock(""../setIngestionIndexingStep.js"", () => ({ | 20:vi.mock(""../../../db/client.js"", () => ({ | 81:const returning = vi.fn().mockResolvedValue([{ id: ""obj_a"" }]) | 82:const updateWhere = vi.fn().mockReturnValue({ returning }) | 83:const updateSet = vi.fn().mockReturnValue({ where: updateWhere }) | 84:const update = vi.fn().mockReturnValue({ set: updateSet })"	13
apps/backend/src/graphs/codeIngestionGraph/nodes/extractInstructionUnits.test.ts		0
apps/backend/src/graphs/codeIngestionGraph/nodes/extractKind.test.ts		0
apps/backend/src/graphs/codeIngestionGraph/nodes/extractionSubmissionRoot.test.ts		0
apps/backend/src/graphs/codeIngestionGraph/nodes/identifyAPIClients.test.ts		0
apps/backend/src/graphs/codeIngestionGraph/nodes/identifyApiClaims.test.ts		0
apps/backend/src/graphs/codeIngestionGraph/nodes/identifyInfrastructure.test.ts		0
apps/backend/src/graphs/codeIngestionGraph/nodes/identifyLibraries.test.ts		0
apps/backend/src/graphs/codeIngestionGraph/nodes/identifyPatterns.test.ts		0
apps/backend/src/graphs/codeIngestionGraph/nodes/identifyRootsDeterministic.test.ts	"4:const listFilesMock = vi.hoisted(() => vi.fn()) | 5:const globFilesMock = vi.hoisted(() => vi.fn()) | 6:const fetchFilesMock = vi.hoisted(() => vi.fn()) | 8:vi.mock(""../../../domain/codeIngestion/codesearchClient.js"", () => ({"	4
apps/backend/src/graphs/codeIngestionGraph/nodes/identifyServiceDependencies.test.ts		0
apps/backend/src/graphs/codeIngestionGraph/nodes/identifyStreams.test.ts		0
apps/backend/src/graphs/codeIngestionGraph/nodes/narrowRootsForPartialDiff.test.ts		0
apps/backend/src/graphs/codeIngestionGraph/nodes/openApiSpecDiscovery.test.ts		0
apps/backend/src/graphs/codeIngestionGraph/nodes/partialIngestionScope.test.ts		0
apps/backend/src/graphs/codeIngestionGraph/nodes/reindex.test.ts	"4:const signUpstreamJwtMock = vi.hoisted(() => vi.fn()) | 5:const parseEnvMock = vi.hoisted(() => vi.fn()) | 6:const codesearchBaseUrlMock = vi.hoisted(() => vi.fn()) | 8:vi.fn(async (run: () => Promise<Response>) => { | 13:const getInstallationTokenMock = vi.hoisted(() => vi.fn()) | 15:const spanEnd = vi.fn() | 18:startActiveSpan: vi.fn( | 28:vi.mock(""../../../auth/upstreamJwt.js"", () => ({ | 31:vi.mock(""../../../config/env.js"", () => ({ | 34:vi.mock(""../../../lib/agentToolRuntime.js"", () => ({"	24
apps/backend/src/graphs/codeIngestionGraph/runExtractRoot.test.ts		0
apps/backend/src/graphs/codeIngestionGraph/schemas.test.ts		0
apps/backend/src/graphs/codeIngestionGraph/setIngestionIndexingStep.test.ts	"4:vi.fn((_orgId: string, fn: () => unknown) => Promise.resolve(fn())), | 6:const tryGetOrgDbMock = vi.hoisted(() => vi.fn(() => undefined)) | 8:vi.fn().mockResolvedValue(undefined), | 11:vi.mock(""../../db/client.js"", () => ({ | 17:vi.mock(""../../models/repositories.js"", () => ({"	5
apps/backend/src/graphs/codeIngestionGraph/withIngestAgentContext.test.ts	"4:handleChainStart: vi.fn().mockResolvedValue(undefined), | 5:handleChainEnd: vi.fn().mockResolvedValue(undefined), | 6:handleChainError: vi.fn().mockResolvedValue(undefined), | 7:handleGenerationStart: vi.fn().mockResolvedValue(undefined), | 8:handleLLMEnd: vi.fn().mockResolvedValue(undefined), | 9:handleLLMError: vi.fn().mockResolvedValue(undefined), | 12:vi.fn(function MockCallbackHandler() { | 16:const callbackManagerConstructorMock = vi.hoisted(() => vi.fn()) | 18:vi.fn((_config: unknown, fn: () => unknown) => fn()), | 21:vi.mock(""@langfuse/langchain"", () => ({"	12
apps/backend/src/graphs/conversationGraph/nodes/conversationNaming.test.ts	"4:const getConversationMock = vi.hoisted(() => vi.fn()) | 5:const updateConversationMock = vi.hoisted(() => vi.fn()) | 6:const getModelMock = vi.hoisted(() => vi.fn()) | 7:const getConfigMock = vi.hoisted(() => vi.fn()) | 8:const getWriterMock = vi.hoisted(() => vi.fn()) | 10:vi.mock(""@langchain/langgraph"", () => ({ | 15:vi.mock(""../../../models/conversations.js"", () => ({ | 20:vi.mock(""../../../retrieval/services/modelProvider.js"", () => ({ | 84:getWriterMock.mockReturnValue(vi.fn()) | 94:invoke: vi.fn().mockResolvedValue({ content: ""Repo layout"" }),"	11
apps/backend/src/graphs/conversationGraph/nodes/knowledgeGraphFocus.test.ts		0
apps/backend/src/lib/agentToolRuntime.test.ts	"3:vi.mock(""../models/repositories.js"", () => ({ | 4:getRepositoryForOrg: vi.fn(), | 5:listRepositoriesForOrg: vi.fn(),"	3
apps/backend/src/lib/atlassian-api-base-url.test.ts		0
apps/backend/src/lib/buildSourceLink.test.ts		0
apps/backend/src/lib/connection-config-slack.test.ts		0
apps/backend/src/lib/connection-config.test.ts		0
apps/backend/src/lib/forge-app-manifest.test.ts		0
apps/backend/src/lib/forge-provision-error-map.test.ts		0
apps/backend/src/lib/id.test.ts		0
apps/backend/src/lib/memoryFitError.test.ts		0
apps/backend/src/lib/withTransientHttpRetry.test.ts	"3:vi.mock(""../observability/logger.js"", () => ({ | 5:info: vi.fn(), | 6:error: vi.fn(), | 7:warn: vi.fn(), | 132:const run = vi.fn().mockResolvedValue(new Response(""bad"", { status: 502 })) | 178:const run = vi.fn().mockImplementation(async () => { | 188:const run = vi.fn().mockImplementation(async () => {"	7
apps/backend/src/mcp/tools.test.ts	"14:generateObjectIdMock: vi.fn(() => ""conv_test""), | 15:collectChatMock: vi.fn(), | 16:ensureConversationMock: vi.fn(async () => ({})), | 17:touchConversationLastMessageMock: vi.fn(async () => {}), | 18:requireCurrentUserIdMock: vi.fn(() => ""user_test123""), | 19:requireCurrentOrgIdMock: vi.fn(() => ""org_test""), | 20:requireCurrentOrgSlugMock: vi.fn(() => ""test-org""), | 21:listWorkspacesMock: vi.fn( | 35:getWorkspaceByIdMock: vi.fn(async () => ({ | 45:vi.mock(""../domain/workspaces/tanstack-workspace-chat.js"", () => ({"	32
apps/backend/src/models/atlassian-connector.org-tx.test.ts	"4:vi.fn(async (_orgId: string, fn: (db: unknown) => Promise<unknown>) => | 18:vi.fn(() => { | 25:vi.mock(""../db/client.js"", () => ({ | 54:const limit = vi.fn().mockResolvedValue([])"	4
apps/backend/src/models/connector-sync-target.test.ts		0
apps/backend/src/models/github-installation-token.test.ts		0
apps/backend/src/models/github-mcp-config-pr.test.ts		0
apps/backend/src/models/linear-connector.test.ts	"21:getSystemDb: vi.fn(), | 22:getConnectionDirectoryByConnectionId: vi.fn(), | 23:upsertConnectionDirectory: vi.fn(), | 26:vi.mock(""../db/client.js"", async (importOriginal) => { | 41:vi.mock(""./connection-directory.js"", async (importOriginal) => { | 70:const limit = vi.fn().mockResolvedValue([ | 91:const returning = vi.fn().mockResolvedValue(claimedIds.map((id) => ({ id }))) | 93:select: vi.fn(() => ({ | 94:from: vi.fn(() => ({ | 95:where: vi.fn(() => ({ limit })),"	31
apps/backend/src/models/linear-token-refresh.org-tx.test.ts	"15:vi.mock(""./connection-directory.js"", () => ({ | 16:upsertConnectionDirectory: vi.fn(async () => undefined), | 17:deleteConnectionDirectory: vi.fn(async () => undefined), | 20:vi.mock(""../db/client.js"", async (importOriginal) => { | 41:const limit = vi.fn().mockResolvedValue([selectRow]) | 42:const returning = vi.fn().mockResolvedValue([{ id: selectRow.id }]) | 44:execute: vi.fn().mockResolvedValue(undefined), | 45:select: vi.fn(() => ({ | 46:from: vi.fn(() => ({ | 47:where: vi.fn(() => ({ limit })),"	13
apps/backend/src/models/notion-connector.test.ts	"13:getOrgDb: vi.fn(), | 14:getSystemDb: vi.fn(), | 15:getConnectionDirectoryByConnectionId: vi.fn(), | 16:upsertConnectionDirectory: vi.fn(), | 19:vi.mock(""../db/client.js"", async (importOriginal) => { | 37:vi.mock(""./connection-directory.js"", async (importOriginal) => { | 78:const set = vi.fn((_value: { config: Record<string, unknown> }) => ({ | 79:where: vi.fn(() => ({ | 80:returning: vi.fn().mockResolvedValue([{ id: row.id }]), | 84:execute: vi.fn(),"	34
apps/backend/src/models/repositories.test.ts	"3:const requireCurrentOrgIdMock = vi.hoisted(() => vi.fn()) | 4:const getOrgDbMock = vi.hoisted(() => vi.fn()) | 5:const getSystemDbMock = vi.hoisted(() => vi.fn()) | 7:vi.fn((_orgId: string, fn: () => unknown) => fn()), | 9:const withGraphClientMock = vi.hoisted(() => vi.fn()) | 10:const purgeRepositoryPostgresMock = vi.hoisted(() => vi.fn()) | 11:const applyRepositoryDeletionGraphCleanupMock = vi.hoisted(() => vi.fn()) | 12:const notifyCodesearchRepositoryDeletedMock = vi.hoisted(() => vi.fn()) | 14:vi.fn().mockResolvedValue({ jobId: ""run_1"", status: ""queued"" }), | 17:vi.mock(""../auth/context.js"", () => ({"	54
apps/backend/src/models/slack-connector.test.ts	4:vi.fn((column: unknown, value: unknown) => ({ column, value })), | 7:vi.fn((...conditions: unknown[]) => conditions), | 9:const limitMock = vi.hoisted(() => vi.fn()) | 10:const orderByMock = vi.hoisted(() => vi.fn(() => ({ limit: limitMock }))) | 12:vi.fn(() => ({ limit: limitMock, orderBy: orderByMock })), | 14:const leftJoinMock = vi.hoisted(() => vi.fn(() => ({ where: whereMock }))) | 16:vi.fn(() => ({ leftJoin: leftJoinMock, where: whereMock })), | 18:const selectMock = vi.hoisted(() => vi.fn(() => ({ from: fromMock }))) | 19:const returningMock = vi.hoisted(() => vi.fn()) | 21:vi.fn(() => ({	24
apps/backend/src/models/workspaces-create.test.ts	"3:const getOrgDbMock = vi.hoisted(() => vi.fn()) | 5:vi.mock(""../auth/context.js"", () => ({ | 6:requireCurrentOrgId: vi.fn(() => ""org_1""), | 7:requireCurrentUserId: vi.fn(() => ""user_1""), | 10:vi.mock(""../db/client.js"", () => ({ | 57:const limit = vi.fn().mockResolvedValue([existing]) | 58:const where = vi.fn().mockReturnValue({ limit }) | 59:const from = vi.fn().mockReturnValue({ where }) | 60:const select = vi.fn().mockReturnValue({ from }) | 61:const returning = vi.fn().mockResolvedValue([updated])"	19
apps/backend/src/models/workspaces-sandbox-instances.test.ts	"3:const getOrgDbMock = vi.hoisted(() => vi.fn()) | 5:vi.fn((_orgId: string, fn: () => unknown) => fn()), | 8:vi.mock(""../auth/context.js"", () => ({ | 9:requireCurrentOrgId: vi.fn(() => ""org_1""), | 10:requireCurrentUserId: vi.fn(() => ""user_1""), | 13:vi.mock(""../db/client.js"", () => ({ | 43:const execute = vi.fn().mockResolvedValue(undefined) | 44:const limit = vi.fn().mockResolvedValue(existing) | 45:const orderBy = vi.fn().mockReturnValue({ limit }) | 46:const where = vi.fn().mockReturnValue({ orderBy, limit })"	30
apps/backend/src/models/workspaces-sandbox-persist.test.ts		0
apps/backend/src/observability/workflow-log.test.ts		0
apps/backend/src/openworkflow/enqueue-follow-up-if-tip-ahead.test.ts	"3:const runWorkflowWithWorkerWakeMock = vi.hoisted(() => vi.fn()) | 5:vi.fn((_orgId: string, fn: () => unknown) => Promise.resolve(fn())), | 7:const tryClaimMock = vi.hoisted(() => vi.fn().mockResolvedValue(true)) | 9:vi.fn().mockResolvedValue({ hash: ""sha_tip"", branch: ""main"" }), | 12:vi.mock(""../db/client.js"", () => ({ | 20:vi.mock(""../models/repositories.js"", () => ({ | 24:vi.mock(""../domain/codeIngestion/queue.js"", () => ({ | 28:vi.mock(""./client.js"", () => ({ | 32:vi.mock(""./workflows/repository-ingestion-orchestrator.js"", () => ({ | 53:result: vi.fn().mockResolvedValue(undefined),"	14
apps/backend/src/openworkflow/enqueue-notion-push-sync.test.ts	"3:const slugMock = vi.hoisted(() => vi.fn()) | 4:const claimInitialSyncMock = vi.hoisted(() => vi.fn()) | 5:const transitionBindingMock = vi.hoisted(() => vi.fn()) | 6:const runWorkflowMock = vi.hoisted(() => vi.fn()) | 8:vi.mock(""../models/notion-connector.js"", () => ({ | 13:vi.mock(""./client.js"", () => ({ | 16:vi.mock(""./workflows/notion-sync-content.js"", () => ({"	7
apps/backend/src/openworkflow/enqueue-repository-deletion.test.ts	"3:const runWorkflowWithWorkerWakeMock = vi.hoisted(() => vi.fn()) | 5:vi.fn((_orgId: string, fn: () => unknown) => Promise.resolve(fn())), | 13:vi.mock(""../db/client.js"", () => ({ | 21:vi.mock(""../models/repositories.js"", () => ({ | 25:vi.mock(""./client.js"", () => ({ | 29:vi.mock(""./workflows/repository-deletion.js"", () => ({ | 55:const log = { error: vi.fn() } | 89:const log = { error: vi.fn() }"	8
apps/backend/src/openworkflow/enqueue-repository-ingestion.test.ts	"3:const runWorkflowWithWorkerWakeMock = vi.hoisted(() => vi.fn()) | 5:vi.fn((_orgId: string, fn: () => unknown) => Promise.resolve(fn())), | 7:const tryClaimMock = vi.hoisted(() => vi.fn().mockResolvedValue(true)) | 9:vi.mock(""../db/client.js"", () => ({ | 17:vi.mock(""../models/repositories.js"", () => ({ | 21:vi.mock(""./client.js"", () => ({ | 25:vi.mock(""./workflows/repository-ingestion-orchestrator.js"", () => ({ | 48:result: vi.fn().mockReturnValue(unresolved), | 50:const log = { error: vi.fn() } | 67:const log = { error: vi.fn() }"	13
apps/backend/src/openworkflow/enqueue-workspace-commit-projection.test.ts	"3:const runWorkflowWithWorkerWakeMock = vi.hoisted(() => vi.fn()) | 5:vi.mock(""./client.js"", () => ({ | 9:vi.mock(""./workflows/workspace-commit-projection.js"", () => ({ | 24:const log = { error: vi.fn() }"	4
apps/backend/src/openworkflow/enqueue-workspace-hydrate.test.ts	"3:const runWorkflowWithWorkerWakeMock = vi.hoisted(() => vi.fn()) | 4:const persistHydrateFailureMock = vi.hoisted(() => vi.fn()) | 6:vi.mock(""./client.js"", () => ({ | 10:vi.mock(""../db/client.js"", () => ({ | 16:vi.mock(""./workflows/workspace-hydrate.js"", () => ({ | 20:vi.mock(""../models/workspaces.js"", () => ({ | 36:const log = { error: vi.fn() } | 46:const log = { error: vi.fn() }"	8
apps/backend/src/openworkflow/enqueue-workspace-index.test.ts	"3:const runWorkflowWithWorkerWakeMock = vi.hoisted(() => vi.fn()) | 5:vi.mock(""./client.js"", () => ({ | 9:vi.mock(""./workflows/workspace-index.js"", () => ({ | 24:const log = { error: vi.fn() }"	4
apps/backend/src/openworkflow/enqueue-workspace-tip-check.test.ts	"3:const runWorkflowWithWorkerWakeMock = vi.hoisted(() => vi.fn()) | 5:vi.mock(""./client.js"", () => ({ | 9:vi.mock(""./workflows/workspace-tip-check.js"", () => ({ | 24:const log = { error: vi.fn() }"	4
apps/backend/src/openworkflow/enqueue-workspace-write-commit.test.ts	"3:const runWorkflowWithWorkerWakeMock = vi.hoisted(() => vi.fn()) | 4:const generateObjectIdMock = vi.hoisted(() => vi.fn(() => ""wjob_stable"")) | 6:const getWorkspaceByIdMock = vi.hoisted(() => vi.fn()) | 7:const persistHydrateFailureMock = vi.hoisted(() => vi.fn()) | 8:const persistWriteJobIntentMock = vi.hoisted(() => vi.fn()) | 9:const persistWriteJobStatusMock = vi.hoisted(() => vi.fn()) | 10:const persistWriteStatusMock = vi.hoisted(() => vi.fn()) | 12:vi.mock(""./client.js"", () => ({ | 16:vi.mock(""./workflows/workspace-write-commit.js"", () => ({ | 20:vi.mock(""../lib/id.js"", () => ({"	21
apps/backend/src/openworkflow/withLoggedStepAttempt.test.ts		0
apps/backend/src/openworkflow/workflows/forge-provision.devspace.test.ts	"11:vi.stubGlobal(""fetch"", originalFetch) | 16:vi.stubGlobal( | 18:vi.fn(async (_input: RequestInfo | URL, init?: RequestInit) => { | 94:vi.stubGlobal( | 96:vi.fn(async (_input: RequestInfo | URL, init?: RequestInit) => { | 147:const fn = fetch as unknown as ReturnType<typeof vi.fn>"	6
apps/backend/src/openworkflow/workflows/linear-sync-config.test.ts	"4:closePullRequest: vi.fn(), | 5:getConnection: vi.fn(), | 6:getTarget: vi.fn(), | 7:runWorkflow: vi.fn(), | 8:syncConfig: vi.fn(), | 9:transitionTarget: vi.fn(), | 12:vi.mock(""../../config/env.js"", () => ({ | 13:parseEnv: vi.fn(() => ({})), | 15:vi.mock(""../../db/client.js"", () => ({ | 20:withOrgDbContext: vi.fn((_orgId: string, operation: () => Promise<unknown>) =>"	15
apps/backend/src/openworkflow/workflows/linear-sync-content.test.ts	"4:finalizeTarget: vi.fn(), | 5:getConnection: vi.fn(), | 6:getTarget: vi.fn(), | 7:loadConfig: vi.fn(), | 8:syncContent: vi.fn(), | 11:vi.mock(""../../config/env.js"", () => ({ | 12:parseEnv: vi.fn(() => ({})), | 14:vi.mock(""../../db/client.js"", () => ({ | 19:withOrgDbContext: vi.fn((_orgId: string, operation: () => Promise<unknown>) => | 23:vi.mock(""../../models/linear-connector.js"", () => ({"	15
apps/backend/src/openworkflow/workflows/linear-sync-entity.test.ts	"4:getConnection: vi.fn(), | 5:getTarget: vi.fn(), | 6:loadConfig: vi.fn(), | 7:runIngestion: vi.fn(), | 8:syncIncremental: vi.fn(), | 11:vi.mock(""../../config/env.js"", () => ({ | 12:parseEnv: vi.fn(() => ({})), | 14:vi.mock(""../../db/client.js"", () => ({ | 19:withOrgDbContext: vi.fn((_orgId: string, operation: () => Promise<unknown>) => | 23:vi.mock(""../../models/linear-connector.js"", () => ({"	15
apps/backend/src/openworkflow/workflows/notion-sync-config.test.ts	"4:getBinding: vi.fn(), | 5:runWorkflow: vi.fn(), | 6:syncConfig: vi.fn(), | 7:transitionBinding: vi.fn(), | 10:vi.mock(""../../config/env.js"", () => ({ | 11:parseEnv: vi.fn(() => ({})), | 13:vi.mock(""../../db/client.js"", () => ({ | 18:withOrgDbContext: vi.fn((_orgId: string, operation: () => Promise<unknown>) => | 22:vi.mock(""../../models/notion-connector.js"", () => ({ | 26:vi.mock(""../../services/notion/sync.js"", () => ({"	12
apps/backend/src/openworkflow/workflows/notion-sync-content.test.ts	"4:finalizeBinding: vi.fn(), | 5:getBinding: vi.fn(), | 6:getConnection: vi.fn(), | 7:syncContent: vi.fn(), | 10:vi.mock(""../../config/env.js"", () => ({ | 11:parseEnv: vi.fn(() => ({})), | 13:vi.mock(""../../db/client.js"", () => ({ | 18:withOrgDbContext: vi.fn((_orgId: string, operation: () => Promise<unknown>) => | 22:vi.mock(""../../models/notion-connector.js"", () => ({ | 27:vi.mock(""../../services/notion/sync.js"", () => ({"	12
apps/backend/src/openworkflow/workflows/notion-sync-entity.test.ts	"4:getBinding: vi.fn(), | 5:getConnection: vi.fn(), | 6:loadConfig: vi.fn(), | 7:runIngestion: vi.fn(), | 8:syncIncremental: vi.fn(), | 11:vi.mock(""../../config/env.js"", () => ({ | 12:parseEnv: vi.fn(() => ({})), | 14:vi.mock(""../../db/client.js"", () => ({ | 19:withOrgDbContext: vi.fn((_orgId: string, operation: () => Promise<unknown>) => | 23:vi.mock(""../../models/notion-connector.js"", () => ({"	14
apps/backend/src/openworkflow/workflows/notion-workflow-discovery.test.ts	"6:vi.mock(""../client.js"", () => ({ | 7:runWorkflowWithWorkerWake: vi.fn(),"	2
apps/backend/src/openworkflow/workflows/repository-index.test.ts	"4:vi.fn().mockResolvedValue({ | 12:const zoektMock = vi.hoisted(() => vi.fn().mockResolvedValue(undefined)) | 14:vi.fn().mockResolvedValue({ | 19:const scipMock = vi.hoisted(() => vi.fn().mockResolvedValue(undefined)) | 20:const mergeMock = vi.hoisted(() => vi.fn().mockResolvedValue(undefined)) | 22:vi.mock(""../../domain/codeIngestion/codesearchIndexPhases.js"", () => ({ | 30:vi.mock(""../../config/env.js"", () => ({ | 34:vi.mock(""../../models/github-installation.js"", () => ({ | 35:getInstallationToken: vi.fn().mockResolvedValue(""tok""), | 38:vi.mock(""../withLoggedStepAttempt.js"", () => ({"	13
apps/backend/src/openworkflow/workflows/repository-ingestion-orchestrator.test.ts	"4:vi.fn((_orgId: string, fn: () => unknown) => Promise.resolve(fn())), | 7:vi.fn().mockResolvedValue(undefined), | 10:vi.mock(""../../db/client.js"", () => ({ | 18:vi.mock(""../../models/repositories.js"", () => ({ | 22:vi.mock(""./repository-ingestion.js"", () => ({ | 39:runWorkflow: vi.fn().mockResolvedValue({ | 44:run: vi.fn(), | 77:runWorkflow: vi.fn().mockRejectedValue(childError), | 78:run: vi.fn(async (_opts: { name: string }, fn: () => Promise<unknown>) => | 107:runWorkflow: vi.fn().mockRejectedValue(sleepSignal),"	15
apps/backend/src/openworkflow/workflows/repository-ingestion.reindex-tx.test.ts	"4:vi.fn(async (_orgId: string, fn: (db: unknown) => unknown) => { | 8:findFirst: vi.fn().mockResolvedValue({ | 30:vi.fn((_attrs: unknown, fn: () => unknown) => fn()), | 33:vi.fn((_attrs: unknown, fn: () => unknown) => fn()), | 36:vi.fn((_attrs: unknown, fn: () => unknown) => fn()), | 39:vi.mock(""../../db/client.js"", () => ({ | 47:findFirst: vi.fn().mockResolvedValue({ id: ""org_1"", slug: ""org"" }), | 54:vi.mock(""../../auth/withAuth.js"", () => ({ | 58:vi.mock(""../../graphs/codeIngestionGraph/withIngestAgentContext.js"", () => ({ | 62:vi.mock(""../../observability/langfuse.js"", () => ({"	35
apps/backend/src/openworkflow/workflows/slack-mention-agent.test.ts	"3:const getTargetMock = vi.hoisted(() => vi.fn()) | 4:const getConnectionMock = vi.hoisted(() => vi.fn()) | 5:const runAgentMock = vi.hoisted(() => vi.fn()) | 6:const postStatusMock = vi.hoisted(() => vi.fn()) | 7:const updateStatusMock = vi.hoisted(() => vi.fn()) | 9:vi.mock(""../../config/env.js"", () => ({ | 12:vi.mock(""../../db/client.js"", () => ({ | 19:vi.mock(""../../models/slack-connector.js"", () => ({ | 23:vi.mock(""../../services/slack/mention-agent.js"", async (importOriginal) => { | 33:vi.mock(""../../services/slack/client.js"", () => ({"	12
apps/backend/src/openworkflow/workflows/slack-workflow-discovery.test.ts		0
apps/backend/src/openworkflow/workflows/workspace-hydrate.test.ts	"30:enqueueWorkspaceIndexMock: vi.fn().mockResolvedValue(undefined), | 31:listLinkedRepositoriesMock: vi.fn().mockResolvedValue([]), | 33:getWorkspaceByIdMock: vi.fn().mockResolvedValue(hydrateWorkspaceRow), | 34:persistHydrateFailureMock: vi.fn().mockResolvedValue(undefined), | 35:persistResolvedDesiredShaMock: vi.fn().mockResolvedValue(true), | 39:getMigrationExportShaMock: vi.fn().mockResolvedValue(""exportsha""), | 43:vi.mock(""../../config/env.js"", () => ({ | 51:vi.mock(""../../db/client.js"", () => ({ | 64:findFirst: vi.fn().mockResolvedValue({ id: ""org_1"", slug: ""acme"" }), | 78:vi.mock(""../../auth/withAuth.js"", () => ({"	31
apps/backend/src/openworkflow/workflows/workspace-index.test.ts	"3:const persistHydrateFailureMock = vi.hoisted(() => vi.fn()) | 4:const getWorkspaceByIdMock = vi.hoisted(() => vi.fn()) | 5:const findRepositoriesByNormalizedGitUrlsMock = vi.hoisted(() => vi.fn()) | 6:const getGithubConnectionIdForRepositoryMock = vi.hoisted(() => vi.fn()) | 7:const ensureWorkspaceCheckoutMock = vi.hoisted(() => vi.fn()) | 8:const persistIndexedShaMock = vi.hoisted(() => vi.fn()) | 11:vi.fn(async (_orgId: string, fn: () => unknown) => { | 21:vi.mock(""../../db/client.js"", () => ({ | 29:findFirst: vi.fn().mockResolvedValue({ id: ""org_1"", slug: ""acme"" }), | 36:vi.mock(""../../auth/withAuth.js"", () => ({"	19
apps/backend/src/openworkflow/workflows/workspace-tip-check.test.ts	"3:const listOrgWorkspacesMock = vi.hoisted(() => vi.fn()) | 4:const listMigrationExportShasMock = vi.hoisted(() => vi.fn()) | 5:const listOrgLinkedRepositoriesMock = vi.hoisted(() => vi.fn()) | 6:const persistWriteStatusMock = vi.hoisted(() => vi.fn()) | 7:const enqueueWorkspaceHydrateMock = vi.hoisted(() => vi.fn()) | 8:const enqueueWorkspaceIndexMock = vi.hoisted(() => vi.fn()) | 9:const enqueueWorkspaceWriteCommitMock = vi.hoisted(() => vi.fn()) | 13:vi.mock(""../../config/env.js"", () => ({ | 17:vi.mock(""../../db/client.js"", () => ({ | 21:findFirst: vi.fn().mockResolvedValue({ id: ""org_1"", slug: ""acme"" }),"	33
apps/backend/src/openworkflow/workflows/workspace-write-commit.test.ts	"4:vi.fn().mockResolvedValue(undefined), | 7:vi.fn().mockResolvedValue(undefined), | 10:vi.fn().mockResolvedValue(true), | 13:vi.fn().mockResolvedValue(""abc123def456""), | 16:vi.fn().mockResolvedValue({ | 23:const listFilesInTreeMock = vi.hoisted(() => vi.fn().mockResolvedValue([])) | 24:const listFilesAtShaMock = vi.hoisted(() => vi.fn().mockResolvedValue([])) | 26:vi.fn().mockResolvedValue(undefined), | 29:vi.fn().mockResolvedValue(undefined), | 36:vi.fn(async () => ({"	48
apps/backend/src/retrieval/schema/llm-prompt.test.ts		0
apps/backend/src/retrieval/schema/predicateValidation.test.ts		0
apps/backend/src/retrieval/services/claimWrite.test.ts	"3:const getOrgDbMock = vi.hoisted(() => vi.fn()) | 4:const requireCurrentOrgIdMock = vi.hoisted(() => vi.fn(() => ""org_1"")) | 7:return vi.fn((prefix: string) => `${prefix}_${++n}`) | 10:vi.mock(""../../db/client.js"", () => ({ | 18:vi.mock(""../../auth/context.js"", () => ({ | 22:vi.mock(""../../lib/id.js"", () => ({ | 35:const insertValues = vi.fn().mockResolvedValue(undefined) | 36:const insert = vi.fn().mockReturnValue({ values: insertValues }) | 95:const insertValues = vi.fn().mockResolvedValue(undefined) | 96:const insert = vi.fn().mockReturnValue({ values: insertValues })"	16
apps/backend/src/retrieval/services/confidenceAggregation.test.ts		0
apps/backend/src/retrieval/services/graphProjection.test.ts	"3:const requireCurrentOrgIdMock = vi.hoisted(() => vi.fn(() => ""org_1"")) | 4:const requireCurrentOrgSlugMock = vi.hoisted(() => vi.fn(() => ""acme"")) | 5:const getSystemDbMock = vi.hoisted(() => vi.fn()) | 6:const getOrgDbMock = vi.hoisted(() => vi.fn()) | 8:vi.fn(async (_orgId: string, fn: () => unknown) => fn()), | 10:const executeQueryMock = vi.hoisted(() => vi.fn()) | 12:vi.fn(() => ({ executeQuery: executeQueryMock })), | 15:vi.fn(async (_ctx: unknown, fn: () => Promise<unknown>) => fn()), | 18:vi.mock(""../../auth/context.js"", () => ({ | 23:vi.mock(""../../db/client.js"", () => ({"	14
apps/backend/src/retrieval/services/ingestionPathMatching.test.ts		0
apps/backend/src/retrieval/services/ingestionRetraction.integration.test.ts		0
apps/backend/src/retrieval/services/ingestionRetraction.test.ts	"4:const retractClaimsFromGraphMock = vi.hoisted(() => vi.fn()) | 5:const refreshClaimProjectionsMock = vi.hoisted(() => vi.fn()) | 6:const deleteObjectsFromGraphMock = vi.hoisted(() => vi.fn()) | 8:vi.mock(""./graphProjection.js"", () => ({"	4
apps/backend/src/retrieval/services/langchainReasoningParams.test.ts		0
apps/backend/src/retrieval/services/logicalSourceKey.test.ts		0
apps/backend/src/retrieval/services/modelProvider.test.ts	"11:return vi.fn(MockChatOpenAI) | 21:return vi.fn(MockChatBedrockConverse) | 24:const mockBedrockSend = vi.hoisted(() => vi.fn()) | 26:vi.fn((_attrs: unknown, fn: () => unknown) => fn()), | 29:vi.mock(""@langchain/openai"", () => ({ | 33:vi.mock(""@langchain/aws"", () => ({ | 37:vi.mock(""@aws-sdk/client-bedrock-runtime"", () => { | 53:vi.mock(""../../observability/langfuse.js"", () => ({ | 80:vi.stubGlobal(""fetch"", vi.fn().mockResolvedValue(fakeEmbeddingResponse())) | 422:vi.stubGlobal("	11
apps/backend/src/retrieval/services/parseModelSpec.test.ts		0
apps/backend/src/retrieval/services/providers/openAILikeModelProvider.test.ts		0
apps/backend/src/retrieval/services/providers/openrouterModelProvider.test.ts		0
apps/backend/src/retrieval/services/retrievalObjectWrite.test.ts	"3:const getOrgDbMock = vi.hoisted(() => vi.fn()) | 5:vi.fn(async (_orgId: string, fn: (db: unknown) => unknown) => | 10:vi.fn((prefix: string) => `${prefix}_generated`), | 13:vi.mock(""../../db/client.js"", () => ({ | 22:vi.mock(""../../lib/id.js"", () => ({ | 118:const selectWhere = vi.fn().mockResolvedValue([ | 126:const selectFrom = vi.fn().mockReturnValue({ where: selectWhere }) | 127:const insertValues = vi.fn().mockResolvedValue(undefined) | 128:const insert = vi.fn().mockReturnValue({ values: insertValues }) | 129:const updateWhere = vi.fn().mockResolvedValue(undefined)"	23
apps/backend/src/routes/auth.test.ts		0
apps/backend/src/routes/langsmith.test.ts	"5:vi.mock(""../graphs/index.js"", () => ({"	1
apps/backend/src/routes/mcp-brand-asset.test.ts		0
apps/backend/src/routes/mcp.conformance.test.ts		0
apps/backend/src/routes/mcp.test.ts	"16:withCookieAuthMock: vi.fn(), | 17:withBearerAuthMock: vi.fn(), | 18:requireAuthMock: vi.fn(), | 19:withNetworkOrgContextMock: vi.fn(), | 20:registerMcpToolsMock: vi.fn(), | 21:loggerSetMock: vi.fn(), | 22:loggerInfoMock: vi.fn(), | 23:loggerErrorMock: vi.fn(), | 26:vi.mock(""../auth/withAuth.js"", () => ({ | 33:vi.mock(""../mcp/tools.js"", () => ({"	11
apps/backend/src/routes/ui.test.ts		0
apps/backend/src/routes/v1/connectors-atlassian.test.ts	"5:const getActiveMemberRoleMock = vi.hoisted(() => vi.fn()) | 7:vi.mock(""../../auth/config.js"", () => ({ | 13:const getForgeInstallationByOrgIdMock = vi.hoisted(() => vi.fn()) | 14:const getAtlassianUserAccessTokenMock = vi.hoisted(() => vi.fn()) | 16:vi.fn(), | 18:const listConfluenceSpacesByConnectionIdMock = vi.hoisted(() => vi.fn()) | 19:const upsertPendingForgeInstallationMock = vi.hoisted(() => vi.fn()) | 20:const patchAtlassianConnectorConfigMock = vi.hoisted(() => vi.fn()) | 21:const deleteForgeInstallationByOrgIdMock = vi.hoisted(() => vi.fn()) | 22:const orgHasAnyGithubConnectionMock = vi.hoisted(() => vi.fn())"	18
apps/backend/src/routes/v1/connectors-linear.test.ts	16:exchangeCode: vi.fn(), | 17:claimContentRetry: vi.fn(), | 18:getPullHead: vi.fn(), | 19:getWorkspace: vi.fn(), | 20:hasAdminRole: vi.fn(), | 21:getTarget: vi.fn(), | 22:patchConfig: vi.fn(), | 23:releaseClaim: vi.fn(), | 24:resolveConnection: vi.fn(), | 25:runWorkflow: vi.fn(),	29
apps/backend/src/routes/v1/connectors-list.test.ts	"5:const getSuggestedConnectorSyncTargetMock = vi.hoisted(() => vi.fn()) | 6:const listOrgConnectionsMock = vi.hoisted(() => vi.fn()) | 8:vi.mock(""../../models/connector-sync-target.js"", () => ({ | 12:vi.mock(""../../models/org-connections.js"", () => ({"	4
apps/backend/src/routes/v1/connectors-notion.test.ts	6:const claimNotionConfigPrCreationMock = vi.hoisted(() => vi.fn()) | 7:const claimNotionContentSyncRetryMock = vi.hoisted(() => vi.fn()) | 8:const patchNotionConnectorConfigMock = vi.hoisted(() => vi.fn()) | 9:const releaseNotionConfigPrCreationClaimMock = vi.hoisted(() => vi.fn()) | 10:const resolveNotionConnectionForOrgDetailedMock = vi.hoisted(() => vi.fn()) | 11:const getNotionBindingWithRepoByConnectionIdMock = vi.hoisted(() => vi.fn()) | 12:const loadNotionScopeFromRepoMock = vi.hoisted(() => vi.fn()) | 13:const getPullRequestHeadBranchMock = vi.hoisted(() => vi.fn()) | 14:const runWorkflowMock = vi.hoisted(() => vi.fn()) | 15:const transitionNotionBindingStateMock = vi.hoisted(() => vi.fn())	27
apps/backend/src/routes/v1/connectors-slack.test.ts	"5:const orgHasGithubMock = vi.hoisted(() => vi.fn()) | 6:const resolveConnectionMock = vi.hoisted(() => vi.fn()) | 7:const getTargetMock = vi.hoisted(() => vi.fn()) | 8:const bindRepositoryMock = vi.hoisted(() => vi.fn()) | 9:const enqueueIngestionMock = vi.hoisted(() => vi.fn()) | 10:const assertOAuthConfiguredMock = vi.hoisted(() => vi.fn()) | 11:const exchangeOAuthCodeMock = vi.hoisted(() => vi.fn()) | 12:const verifyInstallationMock = vi.hoisted(() => vi.fn()) | 13:const upsertConnectionMock = vi.hoisted(() => vi.fn()) | 35:vi.mock(""../../db/client.js"", () => ({"	20
apps/backend/src/routes/v1/conversation-files-routes.live.test.ts	"39:vi.mock(""../../models/conversations.js"", () => ({ | 44:vi.mock(""../../models/workspaces.js"", () => ({"	2
apps/backend/src/routes/v1/conversation-websocket.test.ts	39:close: vi.fn(), | 67:const resume = vi.fn() | 68:const stream = vi.fn() | 69:const onRun = vi.fn() | 71:send: vi.fn(), | 72:close: vi.fn(), | 90:const resume = vi.fn() | 91:const stream = vi.fn() | 92:const onRun = vi.fn() | 94:send: vi.fn(),	11
apps/backend/src/routes/v1/conversations.test.ts	5:const getConversationMock = vi.hoisted(() => vi.fn()) | 6:const listConversationsPaginatedMock = vi.hoisted(() => vi.fn()) | 7:const ensureConversationMock = vi.hoisted(() => vi.fn()) | 8:const touchConversationLastMessageMock = vi.hoisted(() => vi.fn()) | 9:const persistConversationLastBranchMock = vi.hoisted(() => vi.fn()) | 10:const discardUnstartedConversationMock = vi.hoisted(() => vi.fn()) | 11:const updateConversationMock = vi.hoisted(() => vi.fn()) | 12:const deleteConversationMock = vi.hoisted(() => vi.fn()) | 13:const loadConversationUiMessagesMock = vi.hoisted(() => vi.fn()) | 14:const parseConversationChatRequestMock = vi.hoisted(() => vi.fn())	54
apps/backend/src/routes/v1/github-installation.test.ts	"5:const getActiveMemberRoleMock = vi.hoisted(() => vi.fn()) | 7:vi.mock(""../../auth/config.js"", () => ({ | 14:vi.fn().mockResolvedValue(undefined), | 17:vi.mock(""../../openworkflow/client.js"", () => ({ | 23:vi.fn().mockResolvedValue(0), | 25:const listRepositoriesForGithubConnectionMock = vi.hoisted(() => vi.fn()) | 27:vi.fn().mockResolvedValue(undefined), | 30:vi.mock(""../../models/repositories.js"", async (importOriginal) => { | 43:const upsertInstallationMock = vi.hoisted(() => vi.fn()) | 44:const registerInstallationOnConnectionMock = vi.hoisted(() => vi.fn())"	28
apps/backend/src/routes/v1/health.test.ts	"3:vi.mock(""../../routes/v1/index.js"", () => ({ | 14:vi.mock(""../../routes/auth.js"", () => ({ | 15:registerAuthRoutes: vi.fn(), | 18:vi.mock(""../../routes/openapi.js"", () => ({ | 19:registerOpenapiRoutes: vi.fn(), | 22:vi.mock(""../../routes/mcp.js"", () => ({ | 23:registerMcpRoutes: vi.fn(), | 26:vi.mock(""../../routes/langsmith.js"", () => ({ | 27:registerLangsmithRoutes: vi.fn(), | 30:vi.mock(""../webhooks.js"", () => ({"	14
apps/backend/src/routes/v1/index.test.ts	"11:withCookieAuthMock: vi.fn(), | 12:withBearerAuthMock: vi.fn(), | 13:requireAuthMock: vi.fn(), | 14:withOrgContextMock: vi.fn(), | 17:vi.mock(""../../auth/withAuth.js"", async (importOriginal) => { | 28:vi.mock(""./repositories.js"", () => ({ | 31:vi.mock(""./conversations.js"", () => ({ | 34:vi.mock(""./workspaces.js"", () => ({ | 38:vi.mock(""../../openworkflow/client.js"", () => ({ | 39:ow: { runWorkflow: vi.fn() },"	11
apps/backend/src/routes/v1/openai.test.ts	"8:vi.fn(async () => ({ content: ""from bedrock"" })), | 10:const mockChatStream = vi.hoisted(() => vi.fn()) | 17:return vi.fn(MockChatBedrockConverse) | 20:const mockBedrockSend = vi.hoisted(() => vi.fn()) | 22:vi.mock(""@langchain/aws"", () => ({ | 26:vi.mock(""@aws-sdk/client-bedrock-runtime"", () => {"	6
apps/backend/src/routes/v1/org-atlassian-oauth.test.ts	"6:const getActiveMemberRoleMock = vi.hoisted(() => vi.fn()) | 8:vi.mock(""../../auth/config.js"", () => ({ | 17:select: vi.fn(() => ({ | 18:from: vi.fn(() => ({ | 19:where: vi.fn(() => ({ | 20:limit: vi.fn(() => Promise.resolve(limitResult.value)), | 26:vi.mock(""../../db/client.js"", () => ({ | 30:getSystemDb: vi.fn(() => selectChain()), | 31:getOrgDb: vi.fn(() => selectChain()), | 32:withOrgDbContext: vi.fn(async (_orgId: string, fn: () => unknown) => fn()),"	13
apps/backend/src/routes/v1/repositories.test.ts	"4:const createRepositoryMock = vi.hoisted(() => vi.fn()) | 5:const getRepositoryMock = vi.hoisted(() => vi.fn()) | 7:vi.fn().mockResolvedValue(undefined), | 10:vi.fn().mockResolvedValue({ jobId: ""run_1"", status: ""queued"" }), | 13:vi.mock(""../../models/repositories.js"", async (importOriginal) => { | 23:vi.mock(""../../openworkflow/enqueue-repository-ingestion.js"", () => ({ | 27:vi.mock(""../../openworkflow/enqueue-repository-deletion.js"", () => ({ | 66:error: vi.fn(), | 67:info: vi.fn(), | 68:warn: vi.fn(),"	42
apps/backend/src/routes/v1/workspace-activity-routes.test.ts	"5:const getWorkspaceBySlugMock = vi.hoisted(() => vi.fn()) | 6:const getWorkspaceCommitProjectionMock = vi.hoisted(() => vi.fn()) | 7:const listWorkspaceCommitDayCountsMock = vi.hoisted(() => vi.fn()) | 8:const listWorkspaceRepositoryCommitsMock = vi.hoisted(() => vi.fn()) | 9:const enqueueWorkspaceCommitProjectionMock = vi.hoisted(() => vi.fn()) | 11:vi.mock(""../../models/workspaces.js"", () => ({ | 15:vi.mock(""../../models/workspace-commits.js"", () => ({ | 21:vi.mock(""../../openworkflow/enqueue-workspace-commit-projection.js"", () => ({ | 34:error: vi.fn(), | 35:info: vi.fn(),"	12
apps/backend/src/routes/v1/workspace-chat-openai.test.ts	"221:const fetchMock = vi.fn(async (input: RequestInfo | URL) => { | 232:vi.stubGlobal(""fetch"", fetchMock)"	2
apps/backend/src/routes/v1/workspaces.test.ts	5:const listWorkspacesMock = vi.hoisted(() => vi.fn()) | 6:const createWorkspaceMock = vi.hoisted(() => vi.fn()) | 7:const getWorkspaceBySlugMock = vi.hoisted(() => vi.fn()) | 8:const updateWorkspaceMock = vi.hoisted(() => vi.fn()) | 9:const touchLastUsedWorkspaceMock = vi.hoisted(() => vi.fn()) | 10:const listLinkedRepositoriesMock = vi.hoisted(() => vi.fn()) | 11:const listWorkspaceKnowledgeFilesMock = vi.hoisted(() => vi.fn()) | 12:const listWorkspaceKnowledgeUnitsMock = vi.hoisted(() => vi.fn()) | 13:const persistHydrateRetryMock = vi.hoisted(() => vi.fn()) | 14:const deleteWorkspaceMock = vi.hoisted(() => vi.fn())	37
apps/backend/src/routes/webhooks/atlassian/atlassian.test.ts	"6:const jwtVerifyMock = vi.hoisted(() => vi.fn()) | 7:const createRemoteJwkSetMock = vi.hoisted(() => vi.fn()) | 9:vi.mock(""jose"", () => ({ | 14:const getForgeInstallationByForgeInstallationIdMock = vi.hoisted(() => vi.fn()) | 16:vi.fn(), | 18:const upsertForgeInstallationFromEventMock = vi.hoisted(() => vi.fn()) | 19:const updateForgeAppSystemTokenByInstallationIdMock = vi.hoisted(() => vi.fn()) | 20:const getConfluenceSyncTargetByConnectionIdMock = vi.hoisted(() => vi.fn()) | 22:vi.fn(), | 24:const loadConfluenceScopeFromRepoMock = vi.hoisted(() => vi.fn())"	25
apps/backend/src/routes/webhooks/github/github-confluence-push.test.ts	"3:const enqueueMock = vi.hoisted(() => vi.fn().mockResolvedValue(undefined)) | 5:vi.fn().mockResolvedValue({ | 9:const compareCommitsTouchesPathMock = vi.hoisted(() => vi.fn()) | 11:vi.mock(""../../../config/env.js"", () => ({ | 15:vi.mock(""../../../db/client.js"", () => ({ | 23:vi.mock(""../../../models/confluence-sync-target.js"", () => ({ | 24:listConfluenceSyncTargetsWithRepoByRepositoryId: vi.fn(), | 27:vi.mock(""../../../models/github-installation.js"", () => ({ | 28:listInstallationsByGithubInstallationId: vi.fn(), | 31:vi.mock(""../../../models/repositories.js"", () => ({"	25
apps/backend/src/routes/webhooks/github/github-linear-push.test.ts	5:compareCommits: vi.fn(), | 6:findRepository: vi.fn(), | 7:getConnection: vi.fn(), | 8:listInstallations: vi.fn(), | 9:listTargets: vi.fn(), | 10:loadConfig: vi.fn(), | 11:markInitialSync: vi.fn(), | 12:reset: vi.fn(), | 13:runWorkflow: vi.fn(), | 14:transitionState: vi.fn(),	26
apps/backend/src/routes/webhooks/github/github-notion-push.test.ts	"3:const enqueueMock = vi.hoisted(() => vi.fn()) | 4:const loadScopeMock = vi.hoisted(() => vi.fn()) | 5:const resetMock = vi.hoisted(() => vi.fn()) | 7:vi.mock(""../../../config/env.js"", () => ({ | 10:vi.mock(""../../../db/client.js"", () => ({ | 17:vi.mock(""../../../models/github-installation.js"", () => ({ | 18:listInstallationsByGithubInstallationId: vi.fn(), | 20:vi.mock(""../../../models/notion-connector.js"", () => ({ | 21:listNotionBindingsWithRepoByRepositoryId: vi.fn(), | 24:vi.mock(""../../../models/repositories.js"", () => ({"	20
apps/backend/src/routes/webhooks/github/github-workspace-tip.test.ts	"3:const listOrgWorkspacesMock = vi.hoisted(() => vi.fn()) | 4:const persistResolvedDesiredShaMock = vi.hoisted(() => vi.fn()) | 5:const getInstallationOctokitForOrgMock = vi.hoisted(() => vi.fn()) | 7:vi.fn(async (_orgId: string, fn: () => unknown) => fn()), | 9:const assertNotInOrgDbContextMock = vi.hoisted(() => vi.fn()) | 11:vi.mock(""../../../db/client.js"", () => ({ | 16:vi.mock(""../../../models/workspaces.js"", () => ({ | 19:listOrgLinkedRepositories: vi.fn().mockResolvedValue([]), | 20:persistLinkedDesiredSha: vi.fn(), | 23:vi.mock(""../../../models/github-installation.js"", () => ({"	19
apps/backend/src/routes/webhooks/github/github.test.ts	"8:vi.fn().mockResolvedValue({ workflowRun: { id: ""wr_1"" } }), | 12:vi.fn().mockResolvedValue(undefined), | 15:vi.mock(""../../../db/client.js"", () => ({ | 23:withOrgDbContext: vi.fn((_orgId: string, fn: () => unknown) => fn()), | 24:getOrgDb: vi.fn(), | 25:getSystemDb: vi.fn(), | 28:vi.mock(""../../../models/github-installation.js"", () => ({ | 29:listInstallationsByGithubInstallationId: vi.fn(), | 30:getGithubConnectionRowByConnectionId: vi.fn(), | 31:registerInstallationOnConnection: vi.fn(),"	38
apps/backend/src/routes/webhooks/linear/linear.test.ts	"12:listConnections: vi.fn(), | 13:getSyncTarget: vi.fn(), | 14:recordRevocation: vi.fn(), | 15:runWorkflow: vi.fn(), | 18:vi.mock(""../../../models/linear-connector.js"", () => ({ | 23:vi.mock(""../../../openworkflow/client.js"", () => ({ | 26:vi.mock(""../../../openworkflow/workflows/linear-sync-entity.js"", () => ({ | 43:error: vi.fn(), | 44:info: vi.fn(), | 45:warn: vi.fn(),"	12
apps/backend/src/routes/webhooks/notion/notion.test.ts	"10:const connectionsMock = vi.hoisted(() => vi.fn()) | 11:const runWorkflowMock = vi.hoisted(() => vi.fn().mockResolvedValue(undefined)) | 18:vi.mock(""../../../db/client.js"", () => ({ | 25:vi.mock(""../../../models/notion-connector.js"", () => ({ | 28:vi.mock(""../../../openworkflow/client.js"", () => ({ | 31:vi.mock(""../../../openworkflow/workflows/notion-sync-entity.js"", () => ({"	6
apps/backend/src/routes/webhooks/slack/slack.test.ts	"5:const getConnectionMock = vi.hoisted(() => vi.fn()) | 6:const getTargetMock = vi.hoisted(() => vi.fn()) | 7:const revokeMock = vi.hoisted(() => vi.fn()) | 8:const runWorkflowMock = vi.hoisted(() => vi.fn()) | 9:const verifySignatureMock = vi.hoisted(() => vi.fn()) | 10:const postStatusMock = vi.hoisted(() => vi.fn()) | 11:const logInfoMock = vi.hoisted(() => vi.fn()) | 13:vi.mock(""../../../models/slack-connector.js"", () => ({ | 18:vi.mock(""../../../observability/logger.js"", () => ({ | 20:error: vi.fn(),"	16
apps/backend/src/services/confluence/config-yaml.test.ts		0
apps/backend/src/services/confluence/forge-confluence-webhook.test.ts	"3:const resetMock = vi.hoisted(() => vi.fn().mockResolvedValue(undefined)) | 4:const runWorkflowMock = vi.hoisted(() => vi.fn()) | 6:vi.mock(""../../db/client.js"", () => ({ | 14:vi.mock(""../../models/confluence-sync-target.js"", () => ({ | 15:getConfluenceSyncTargetWithRepoByConnectionId: vi.fn(), | 18:vi.mock(""../../openworkflow/client.js"", () => ({ | 23:vi.mock(""./config-from-repo.js"", () => ({ | 24:loadConfluenceScopeFromRepo: vi.fn(), | 27:vi.mock(""./confluence-setup-reset.js"", () => ({ | 43:vi.mocked(getConfluenceSyncTargetWithRepoByConnectionId).mockResolvedValue({"	13
apps/backend/src/services/confluence/github-push-config-sync.test.ts		0
apps/backend/src/services/confluence/sync.test.ts		0
apps/backend/src/services/git/clone-tree.test.ts		0
apps/backend/src/services/github/installation-write-client.test.ts	"5:getInstallationOctokitForOrgMock: vi.fn(), | 7:const compareCommitsMock = vi.hoisted(() => vi.fn()) | 9:vi.mock(""../../models/github-installation.js"", () => ({ | 30:const getRef = vi.fn(async ({ ref }: { ref: string }) => { | 38:const createOrUpdateFileContents = vi.fn(async () => { | 42:const createRef = vi.fn(async () => ({ data: {} })) | 43:const pullsCreate = vi.fn(async () => ({ | 56:getCommit: vi.fn(async () => ({ | 60:createBlob: vi.fn(async () => ({ data: { sha: ""blob"" } })), | 61:createTree: vi.fn(async () => ({ data: { sha: ""tree"" } })),"	27
apps/backend/src/services/linear/client-discovery.test.ts	"8:teams: vi.fn(), | 9:projects: vi.fn(), | 10:documents: vi.fn(), | 11:initiatives: vi.fn(), | 15:vi.mock(""@linear/sdk"", () => ({ | 28:fetchNext: vi.fn(), | 70:teams: vi.fn().mockResolvedValue(page([team])),"	7
apps/backend/src/services/linear/client.test.ts	"65:vi.stubGlobal(""fetch"", fetchMock) | 110:const onTokenRefresh = vi.fn().mockResolvedValue({"	2
apps/backend/src/services/linear/config-yaml.test.ts		0
apps/backend/src/services/linear/converter.test.ts		0
apps/backend/src/services/linear/incremental.test.ts	"10:initiative: vi.fn(), | 11:issue: vi.fn(), | 12:team: vi.fn(), | 15:vi.mock(""@linear/sdk"", () => ({ | 27:fetchNext: vi.fn(), | 101:labels: vi.fn().mockResolvedValue(page([])), | 102:comments: vi.fn().mockResolvedValue(page([])), | 103:attachments: vi.fn().mockResolvedValue(page([])), | 104:needs: vi.fn().mockResolvedValue(page([])), | 215:projects: vi.fn().mockResolvedValue(page([{ id: ""project-1"" }])),"	12
apps/backend/src/services/linear/oauth-state.test.ts		0
apps/backend/src/services/linear/sync.test.ts	"11:closePullRequest: vi.fn(), | 12:commitFiles: vi.fn(), | 13:createPullRequestWithFiles: vi.fn(), | 14:getFileContent: vi.fn(), | 15:getPullRequestHeadBranch: vi.fn(), | 16:listFilesInTree: vi.fn(), | 19:buildLinearMirror: vi.fn(), | 22:withLinearBindingSnapshot: vi.fn( | 27:vi.mock(""../../models/linear-connector.js"", () => model) | 28:vi.mock(""../github/installation-write-client.js"", async (importOriginal) => {"	11
apps/backend/src/services/notion/client.test.ts	"43:vi.stubGlobal(""fetch"", fetchMock) | 44:const onTokenRefresh = vi.fn().mockResolvedValue(undefined) | 105:vi.stubGlobal(""fetch"", fetchMock) | 136:vi.stubGlobal(""fetch"", fetchMock)"	4
apps/backend/src/services/notion/config-yaml.test.ts		0
apps/backend/src/services/notion/converter.test.ts		0
apps/backend/src/services/notion/incremental.test.ts	"4:retrieveNotionPage: vi.fn(), | 5:listNotionBlockChildren: vi.fn(), | 6:queryNotionDatabase: vi.fn(), | 14:vi.mock(""./client.js"", () => ({"	4
apps/backend/src/services/notion/sync.test.ts		0
apps/backend/src/services/slack/client.test.ts	48:vi.stubGlobal( | 50:vi.fn<typeof fetch>().mockResolvedValue( | 75:vi.stubGlobal( | 77:vi.fn<typeof fetch>().mockResolvedValue( | 97:vi.stubGlobal( | 99:vi.fn<typeof fetch>().mockResolvedValue(	6
apps/backend/src/services/slack/converter.test.ts		0
apps/backend/src/services/slack/mention-agent.test.ts	"3:const captureSlackThreadMock = vi.hoisted(() => vi.fn()) | 4:const getModelMock = vi.hoisted(() => vi.fn()) | 5:const createAgentMock = vi.hoisted(() => vi.fn()) | 7:vi.mock(""../../graphs/createAgent.js"", () => ({ | 10:vi.mock(""../../retrieval/services/modelProvider.js"", () => ({ | 13:vi.mock(""../../observability/logger.js"", () => ({ | 14:getLogger: () => ({ error: vi.fn(), info: vi.fn(), warn: vi.fn() }), | 16:vi.mock(""./sync.js"", () => ({"	8
apps/backend/src/services/slack/sync.test.ts	"3:const limitMock = vi.hoisted(() => vi.fn()) | 4:const whereMock = vi.hoisted(() => vi.fn(() => ({ limit: limitMock }))) | 5:const fromMock = vi.hoisted(() => vi.fn(() => ({ where: whereMock }))) | 6:const selectMock = vi.hoisted(() => vi.fn(() => ({ from: fromMock }))) | 7:const getOrgDbMock = vi.hoisted(() => vi.fn(() => ({ select: selectMock }))) | 8:const listRepliesMock = vi.hoisted(() => vi.fn()) | 9:const commitFilesMock = vi.hoisted(() => vi.fn()) | 11:vi.mock(""../../db/client.js"", () => ({ | 19:vi.mock(""../github/installation-write-client.js"", () => ({ | 23:vi.fn(async ({ channelId }: { channelId: string }) => ({"	14
apps/backend/src/services/slack/verify-signature.test.ts		0
apps/backend/src/tools/getFile.test.ts	"3:const getRepositoryForOrg = vi.hoisted(() => vi.fn()) | 4:const fetchCheckoutFileBytes = vi.hoisted(() => vi.fn()) | 5:const requireCurrentOrgId = vi.hoisted(() => vi.fn(() => ""org_1"")) | 7:vi.mock(""../auth/context.js"", () => ({ | 11:vi.mock(""../models/repositories.js"", () => ({ | 15:vi.mock(""../domain/codeIngestion/codesearchClient.js"", () => ({"	6
apps/backend/src/tools/structuralSearch.test.ts	"3:const requireCurrentOrgIdMock = vi.hoisted(() => vi.fn()) | 4:const signUpstreamJwtMock = vi.hoisted(() => vi.fn()) | 5:const parseEnvMock = vi.hoisted(() => vi.fn()) | 6:const getRepositoryForOrgMock = vi.hoisted(() => vi.fn()) | 8:vi.fn((run: () => Promise<Response>) => run()), | 11:vi.mock(""../auth/context.js"", () => ({ | 14:vi.mock(""../auth/upstreamJwt.js"", () => ({ | 17:vi.mock(""../config/env.js"", () => ({ | 20:vi.mock(""../lib/withTransientHttpRetry.js"", () => ({ | 23:vi.mock(""../models/repositories.js"", () => ({"	12
apps/backend/src/tools/zoektSymbolQuery.test.ts		0
apps/codesearch/src/auth/jwt.test.ts		0
apps/codesearch/src/config/paths.test.ts		0
apps/codesearch/src/db/client.org-context.test.ts	11:const execute = vi.fn().mockResolvedValue(undefined) | 12:const transaction = vi.fn(	2
apps/codesearch/src/db/transient.test.ts	48:query: vi.fn(async () => {	1
apps/codesearch/src/domain/graph/executeGraphPrimitive.test.ts	"9:vi.mock(""node:fs/promises"", async (importOriginal) => { | 13:readFile: vi.fn(actual.readFile), | 14:stat: vi.fn(actual.stat), | 401:vi.mocked(readFile).mockClear() | 435:vi.mocked(stat).mockImplementationOnce(async () => { | 442:vi.mocked(readFile).mockClear()"	6
apps/codesearch/src/domain/graph/scipProto.test.ts		0
apps/codesearch/src/domain/indexing/detectLanguages.test.ts		0
apps/codesearch/src/domain/indexing/heartbeat.test.ts	"38:// (avoids needing vi.useFakeTimers which conflicts with vi.stubGlobal(""Bun"")). | 41:vi.stubGlobal(""setInterval"", (fn: () => void, ms: number) => { | 45:vi.stubGlobal(""clearInterval"", vi.fn()) | 47:vi.stubGlobal(""Bun"", { | 48:spawn: vi.fn().mockImplementation((argv: string[]) => { | 95:const clearIntervalSpy = vi.fn((id: ReturnType<typeof setInterval>) => { | 101:vi.stubGlobal(""setInterval"", (fn: () => void, ms: number) => { | 106:vi.stubGlobal(""clearInterval"", clearIntervalSpy) | 108:vi.stubGlobal(""Bun"", { | 109:spawn: vi.fn().mockImplementation((argv: string[]) => {"	10
apps/codesearch/src/domain/indexing/indexConcurrency.test.ts		0
apps/codesearch/src/domain/indexing/indexerChildEnv.test.ts		0
apps/codesearch/src/domain/indexing/memoryFitError.test.ts		0
apps/codesearch/src/domain/indexing/scipIndexers.test.ts	"1:import { existsSync, mkdirSync, readFileSync, writeFileSync } from ""node:fs"" | 84:const spawn = vi.fn((argv: string[]) => { | 93:vi.stubGlobal(""Bun"", { spawn }) | 125:expect(readFileSync(goShard, ""utf8"")).toBe(""index-0"") | 126:expect(readFileSync(typescriptShard, ""utf8"")).toBe(""index-1"") | 138:const spawn = vi.fn((argv: string[]) => { | 147:vi.stubGlobal(""Bun"", { spawn }) | 189:const spawn = vi.fn((argv: string[]) => { | 200:vi.stubGlobal(""Bun"", { spawn }) | 224:expect(readFileSync(firstShard, ""utf8"")).toBe(""index-0"")"	17
apps/codesearch/src/domain/indexing/scipTouchedLanguages.test.ts		0
apps/codesearch/src/domain/indexing/service.test.ts		0
apps/codesearch/src/domain/indexing/streamTail.test.ts		0
apps/codesearch/src/domain/indexingSteps.test.ts	"127:const updateSet = vi.fn().mockReturnThis() | 128:const updateWhere = vi.fn().mockResolvedValue(undefined) | 129:const update = vi.fn().mockReturnValue({ set: updateSet }) | 131:const execute = vi.fn().mockResolvedValue(undefined) | 136:transaction: vi.fn(async (fn: (inner: typeof tx) => Promise<unknown>) => | 203:const update = vi.fn().mockReturnValue({ | 204:set: vi.fn().mockReturnValue({ | 205:where: vi.fn().mockRejectedValue(new Error(""DB error"")), | 210:transaction: vi.fn(async (fn: (tx: { update: typeof update; execute: ReturnType<typeof vi.fn> }) => Promise<unknown>) => | 211:fn({ update, execute: vi.fn() }),"	10
apps/codesearch/src/domain/repositories/globFiles.test.ts		0
apps/codesearch/src/domain/repositories/paths.test.ts		0
apps/codesearch/src/domain/repositories/purge.test.ts	"14:vi.mock(""../../config/paths.js"", () => ({"	1
apps/codesearch/src/domain/repositories/resolveRef.test.ts	"14:const spawnMock = vi.fn() | 17:vi.stubGlobal(""Bun"", {"	2
apps/codesearch/src/domain/repositories/service.test.ts	6:const limit = vi.fn().mockResolvedValue(rows) | 7:const where = vi.fn().mockReturnValue({ limit }) | 8:const from = vi.fn().mockReturnValue({ where }) | 9:const select = vi.fn().mockReturnValue({ from }) | 10:const execute = vi.fn().mockResolvedValue(undefined)	5
apps/codesearch/src/domain/search/structuralSearch.test.ts	"68:vi.stubGlobal(""Bun"", { | 69:spawn: vi.fn(() => ({"	2
apps/codesearch/src/domain/zoekt/pinManager.test.ts		0
apps/codesearch/src/domain/zoekt/shardPrefix.test.ts		0
apps/codesearch/src/domain/zoekt/warmup.integration.test.ts	21:describe.skipIf(!hasZoekt)(	1
apps/codesearch/src/domain/zoekt/warmup.test.ts	22:const sleepFn = vi.fn(async () => {}) | 63:const fetchFn = vi.fn().mockResolvedValue( | 80:const fetchFn = vi.fn()	3
apps/codesearch/src/observability/http-wide-event-message.test.ts		0
apps/codesearch/src/routes/graph.test.ts	"5:vi.mock(""../config/paths.js"", () => ({ | 12:executeScipGraphQueryMock: vi.fn(), | 13:getAccessibleRepositoryMock: vi.fn(), | 17:vi.mock(""../domain/graph/executeGraphPrimitive.js"", () => ({ | 21:vi.mock(""../domain/repositories/service.js"", () => ({ | 28:const limit = vi.fn().mockResolvedValue([{ id: ""checkout_1"" }]) | 29:const where = vi.fn().mockReturnValue({ limit }) | 30:const from = vi.fn().mockReturnValue({ where }) | 31:const select = vi.fn().mockReturnValue({ from })"	9
apps/codesearch/src/routes/indexPhases.test.ts	"10:getAccessibleRepositoryMock: vi.fn(), | 11:getIndexableRepositoryMock: vi.fn(), | 12:phaseCloneCheckoutMock: vi.fn(), | 15:vi.mock(""../domain/indexing/indexConcurrency.js"", () => ({ | 22:vi.mock(""../domain/indexing/phases.js"", () => ({ | 24:phaseDetectLanguages: vi.fn(), | 25:phaseMarkCheckoutIndexed: vi.fn(), | 26:phaseMergeScip: vi.fn(), | 27:phaseScipLanguage: vi.fn(), | 28:phaseZoekt: vi.fn(),"	11
apps/codesearch/src/routes/indexPhases.zoekt.test.ts	"6:const phaseZoektMock = vi.hoisted(() => vi.fn()) | 7:const getAccessibleRepositoryMock = vi.hoisted(() => vi.fn()) | 8:const getIndexableRepositoryMock = vi.hoisted(() => vi.fn()) | 10:vi.mock(""../domain/indexing/phases.js"", async () => { | 20:vi.mock(""../domain/repositories/service.js"", () => ({ | 25:vi.mock(""../observability/logger.js"", () => ({ | 28:getLogger: () => ({ set: vi.fn(), info: vi.fn() }), | 29:flushWorkflowLog: vi.fn(),"	8
apps/codesearch/src/routes/repo.test.ts	"8:vi.mock(""../config/paths.js"", () => ({ | 18:getAccessibleRepositoryMock: vi.fn(), | 19:resolveRepositoryRefMock: vi.fn(), | 20:purgeRepositoryFromDiskMock: vi.fn(), | 23:vi.mock(""../domain/repositories/service.js"", () => ({ | 25:getIndexableRepository: vi.fn(), | 28:vi.mock(""../domain/repositories/resolveRef.js"", () => ({ | 32:vi.mock(""../domain/repositories/purge.js"", () => ({ | 468:it.skipIf(!hasBunGlob)( | 495:it.skipIf(!hasBunGlob)("	10
apps/codesearch/src/routes/search.test.ts	"8:pinReposMock: vi.fn(), | 9:waitUntilMock: vi.fn(), | 12:vi.mock(""../domain/zoekt/pinManager.js"", () => ({ | 16:vi.mock(""../domain/zoekt/warmup.js"", async () => { | 26:vi.mock(""../config/paths.js"", () => ({ | 37:db: { select: ReturnType<typeof vi.fn> }, | 58:const where = vi.fn().mockResolvedValue(rows) | 59:const innerJoin = vi.fn().mockReturnValue({ where }) | 60:const from = vi.fn().mockReturnValue({ innerJoin }) | 61:const select = vi.fn().mockReturnValue({ from })"	12
apps/codesearch/src/routes/structuralSearch.test.ts	"5:vi.mock(""../config/paths.js"", () => ({ | 15:getAccessibleRepositoryMock: vi.fn(), | 16:resolveStructuralSearchPathsMock: vi.fn(), | 17:runStructuralSearchMock: vi.fn(), | 20:vi.mock(""../domain/repositories/service.js"", () => ({ | 24:vi.mock(""../domain/search/structuralSearch.js"", () => ({"	6
apps/ui/src/components/SideNav/SideNav.stories.tsx		0
apps/ui/src/components/SideNav/sideNavLocation.test.ts		0
apps/ui/src/components/onboarding/McpConfigPrWizard.stories.tsx		0
apps/ui/src/components/onboarding/McpConfigPreviewDiff.stories.tsx		0
apps/ui/src/components/onboarding/McpOnboardingSlide.stories.tsx		0
apps/ui/src/components/onboarding/OnboardingCreateOrgSlide.stories.tsx		0
apps/ui/src/components/onboarding/OnboardingExternalInviteModal.stories.tsx		0
apps/ui/src/components/onboarding/OnboardingGithubSlide.stories.tsx		0
apps/ui/src/components/onboarding/OnboardingInviteSlide.stories.tsx		0
apps/ui/src/components/onboarding/OnboardingJoinerDoneSlide.stories.tsx		0
apps/ui/src/components/onboarding/OnboardingOverviewSlide.stories.tsx		0
apps/ui/src/components/onboarding/OnboardingPageShell.stories.tsx		0
apps/ui/src/components/onboarding/OnboardingWelcomeSlide.stories.tsx		0
apps/ui/src/components/ui/Button.test.tsx	"16:vi.mock(""react-aria-components"", () => ({"	1
apps/ui/src/components/ui/InlineLoader.stories.tsx		0
apps/ui/src/components/ui/Skeleton.stories.tsx		0
apps/ui/src/features/auth/accept-invitation.test.ts	6:const acceptInvitation = vi.fn().mockResolvedValue(undefined) | 7:const redirect = vi.fn() | 17:const acceptInvitation = vi.fn().mockRejectedValue(error) | 18:const redirect = vi.fn()	4
apps/ui/src/features/chat/ConversationThread.stories.tsx		0
apps/ui/src/features/chat/ConversationThread.test.tsx	"2:import { renderToStaticMarkup } from ""react-dom/server"" | 12:return renderToStaticMarkup("	2
apps/ui/src/features/chat/conversation-thread-utils.test.ts		0
apps/ui/src/features/chat/insertConversationListItem.test.ts		0
apps/ui/src/features/connectors/EditScopeModal.stories.tsx		0
apps/ui/src/features/connectors/SpacePageTree.stories.tsx		0
apps/ui/src/features/connectors/components/AddConfluenceConnectorButton.stories.tsx		0
apps/ui/src/features/connectors/components/AddConnectorCatalogDialog.stories.tsx		0
apps/ui/src/features/connectors/components/AddGithubConnectorButton.stories.tsx		0
apps/ui/src/features/connectors/components/AddLinearConnectorButton.stories.tsx		0
apps/ui/src/features/connectors/components/AddNotionConnectorButton.stories.tsx		0
apps/ui/src/features/connectors/components/AddSlackConnectorButton.stories.tsx		0
apps/ui/src/features/connectors/components/AtlassianAccountClaimModalContent.stories.tsx		0
apps/ui/src/features/connectors/components/ConfluenceConnectionCard.stories.tsx		0
apps/ui/src/features/connectors/components/ConfluenceMark.stories.tsx		0
apps/ui/src/features/connectors/components/ConnectorContextRepositoryGuidance.test.ts		0
apps/ui/src/features/connectors/components/ConnectorListItem.stories.tsx		0
apps/ui/src/features/connectors/components/ConnectorSetupStepper.stories.tsx		0
apps/ui/src/features/connectors/components/ConnectorSetupStepper.test.tsx	"1:import { renderToStaticMarkup } from ""react-dom/server"" | 13:const markup = renderToStaticMarkup( | 23:const markup = renderToStaticMarkup("	3
apps/ui/src/features/connectors/components/ConnectorWorkspaceDestinationPicker.test.ts		0
apps/ui/src/features/connectors/components/ConnectorsEmptyState.stories.tsx		0
apps/ui/src/features/connectors/components/ConnectorsOAuthErrorBanner.stories.tsx		0
apps/ui/src/features/connectors/components/GitHubPrerequisiteStep.stories.tsx		0
apps/ui/src/features/connectors/components/GithubConnectionCard.stories.tsx		0
apps/ui/src/features/connectors/components/LinearConnectionCard.stories.tsx		0
apps/ui/src/features/connectors/components/LinearMark.stories.tsx		0
apps/ui/src/features/connectors/components/NotionConnectionCard.stories.tsx		0
apps/ui/src/features/connectors/components/NotionSetupDialog.stories.tsx		0
apps/ui/src/features/connectors/components/OrgAtlassianOauthPanel.stories.tsx		0
apps/ui/src/features/connectors/components/SlackConnectionCard.stories.tsx		0
apps/ui/src/features/connectors/components/SlackSetupDialog.stories.tsx		0
apps/ui/src/features/connectors/components/SlackSetupDialog.test.tsx	"35:const patchSlackConnectorConfigMock = vi.hoisted(() => vi.fn()) | 37:vi.mock(""@tanstack/react-router"", () => ({ | 41:vi.mock(""@tanstack/react-query"", () => ({ | 63:refetch: vi.fn(), | 120:refetch: vi.fn(), | 132:invalidateQueries: vi.fn(), | 136:vi.mock(""@/components/ui/Button"", () => ({ | 152:vi.mock(""@/components/ui/ComboBox"", () => ({ | 157:vi.mock(""@/components/ui/Modal"", () => ({ | 162:vi.mock(""@/components/ui/spinner"", () => ({"	23
apps/ui/src/features/connectors/components/confluence-setup/ConfluenceSetupWizard.stories.tsx		0
apps/ui/src/features/connectors/components/confluence-setup/steps/InstallForgeStep.stories.tsx		0
apps/ui/src/features/connectors/components/confluence-setup/steps/LinkAtlassianStep.stories.tsx		0
apps/ui/src/features/connectors/components/confluence-setup/steps/LinkGitHubStep.stories.tsx		0
apps/ui/src/features/connectors/components/confluence-setup/steps/MergeConfigStep.stories.tsx		0
apps/ui/src/features/connectors/components/confluence-setup/steps/RegisterAtlassianOauthStep.stories.tsx		0
apps/ui/src/features/connectors/components/confluence-setup/steps/SelectSyncTargetStep.stories.tsx		0
apps/ui/src/features/connectors/components/confluence-setup/steps/SetupCompleteStep.stories.tsx		0
apps/ui/src/features/connectors/components/confluence-setup/steps/WaitForInstallStep.stories.tsx		0
apps/ui/src/features/connectors/components/github-setup/steps/GithubSelfHostedCredentialsStep.stories.tsx		0
apps/ui/src/features/connectors/components/linear-setup/LinearSetupWizard.stories.tsx		0
apps/ui/src/features/connectors/confluence-setup-model.forge-wait.test.ts		0
apps/ui/src/features/connectors/connectorHealth.test.ts		0
apps/ui/src/features/connectors/githubConnectFlow.test.ts		0
apps/ui/src/features/connectors/linear-setup-model.test.ts		0
apps/ui/src/features/connectors/notion-setup-model.test.ts		0
apps/ui/src/features/connectors/queries/forge-provision-api.test.ts	"11:vi.stubGlobal(""fetch"", vi.fn()) | 15:vi.stubGlobal(""fetch"", originalFetch) | 19:vi.mocked(fetch).mockResolvedValue( | 33:expect(vi.mocked(fetch)).toHaveBeenCalledWith( | 50:vi.mocked(fetch).mockResolvedValue( | 58:expect(vi.mocked(fetch)).toHaveBeenCalledWith("	6
apps/ui/src/features/connectors/queries/github-connector.test.ts		0
apps/ui/src/features/connectors/queries/linear-connector.test.ts	"15:const fetchMock = vi.fn().mockResolvedValue( | 31:vi.stubGlobal(""fetch"", fetchMock) | 61:vi.stubGlobal( | 63:vi.fn().mockResolvedValue( | 80:vi.stubGlobal(""fetch"", fetchMock) | 91:vi.stubGlobal( | 93:vi.fn().mockResolvedValue( | 110:vi.stubGlobal(""fetch"", fetchMock)"	8
apps/ui/src/features/connectors/queries/notion-connector.test.ts	"11:vi.stubGlobal(""fetch"", vi.fn()) | 19:vi.mocked(fetch).mockResolvedValue( | 35:vi.mocked(fetch).mockResolvedValue(new Response(null, { status: 202 })) | 46:vi.mocked(fetch).mockResolvedValue(new Response(null, { status: 202 }))"	4
apps/ui/src/features/connectors/queries/org-connections.test.ts		0
apps/ui/src/features/connectors/queries/slack-connector.test.ts	"3:const patchMock = vi.hoisted(() => vi.fn()) | 4:const getStatusMock = vi.hoisted(() => vi.fn()) | 6:vi.mock(""@/lib/api"", () => ({"	3
apps/ui/src/features/connectors/slack-setup-model.test.ts		0
apps/ui/src/features/home/HomeComposer.stories.tsx		0
apps/ui/src/features/home/WorkspaceActivityHeatmap.stories.tsx		0
apps/ui/src/features/home/WorkspaceRecentCommits.stories.tsx		0
apps/ui/src/features/home/calendar-days.test.ts		0
apps/ui/src/features/knowledge-graph/KnowledgeGraphCosmographCanvas.stories.tsx		0
apps/ui/src/features/knowledge-graph/NodeDetailDrawer.stories.tsx		0
apps/ui/src/features/knowledge-graph/knowledgeGraphFocusFit.test.ts		0
apps/ui/src/features/knowledge-graph/knowledgeGraphIntroStorage.test.ts	"38:vi.stubGlobal(""window"", {"	1
apps/ui/src/features/repositories/components/RepositoryCard.stories.tsx		0
apps/ui/src/features/repositories/components/RepositoryCard.test.tsx	"1:import { renderToStaticMarkup } from ""react-dom/server"" | 31:const html = renderToStaticMarkup( | 38:onDelete={vi.fn()} | 39:onRetry={vi.fn()} | 50:const html = renderToStaticMarkup( | 58:onDelete={vi.fn()} | 59:onRetry={vi.fn()}"	7
apps/ui/src/features/repositories/components/RepositoryStatus.test.tsx	"1:import { renderToStaticMarkup } from ""react-dom/server"" | 15:renderToStaticMarkup( | 23:renderToStaticMarkup( | 32:renderToStaticMarkup( | 39:const html = renderToStaticMarkup( | 54:const html = renderToStaticMarkup("	6
apps/ui/src/features/repositories/gitSourcesFilter.test.ts		0
apps/ui/src/features/repositories/gitSourcesListRows.test.ts		0
apps/ui/src/features/repositories/githubRepoSelection.test.ts	143:const fetchPage = vi.fn(async (page: number) => {	1
apps/ui/src/features/repositories/pendingGithubRepos.test.ts		0
apps/ui/src/features/repositories/repositoryCardPresentation.test.ts		0
apps/ui/src/features/repositories/types.test.ts		0
apps/ui/src/features/repositories/useRepositoryIndexingSummary.test.ts		0
apps/ui/src/features/workspaces/GithubWorkspaceDestination.stories.tsx		0
apps/ui/src/features/workspaces/WorkspaceChat.stories.tsx		0
apps/ui/src/features/workspaces/WorkspaceChatChrome.stories.tsx		0
apps/ui/src/features/workspaces/WorkspaceChatChrome.test.tsx	"1:import { renderToStaticMarkup } from ""react-dom/server"" | 6:vi.mock(""@/components/OverlayNavButton"", () => ({ | 12:const readOnly = renderToStaticMarkup( | 20:const pending = renderToStaticMarkup( | 30:const dirty = renderToStaticMarkup( | 47:const creating = renderToStaticMarkup( | 61:const show = renderToStaticMarkup("	7
apps/ui/src/features/workspaces/WorkspaceChatSession.stories.tsx		0
apps/ui/src/features/workspaces/WorkspaceChatSession.test.tsx	"3:import { renderToStaticMarkup } from ""react-dom/server"" | 17:const navigateMock = vi.hoisted(() => vi.fn()) | 19:vi.fn(() => ({ kind: ""official-ws"", warm: vi.fn() })), | 22:vi.fn((_options?: Record<string, unknown>) => ({ | 24:sendMessage: vi.fn(), | 28:stop: vi.fn(), | 32:vi.mock(""@tanstack/ai-react"", () => ({ | 36:vi.mock(""./workspaceChatWebSocket"", () => ({ | 40:vi.mock(""@tanstack/react-router"", () => ({ | 44:vi.mock(""@/features/chat/MessageInputBox"", () => ({"	15
apps/ui/src/features/workspaces/WorkspaceCommandPalette.stories.tsx		0
apps/ui/src/features/workspaces/WorkspaceConversationList.stories.tsx		0
apps/ui/src/features/workspaces/WorkspaceCreateForm.stories.tsx		0
apps/ui/src/features/workspaces/WorkspaceFileTree.hover.test.ts	27:const prefetch = vi.fn()	1
apps/ui/src/features/workspaces/WorkspaceFileTree.ssr.test.tsx	"1:import { renderToStaticMarkup } from ""react-dom/server"" | 7:const markup = renderToStaticMarkup( | 20:const markup = renderToStaticMarkup("	3
apps/ui/src/features/workspaces/WorkspaceFileTree.stories.tsx		0
apps/ui/src/features/workspaces/WorkspaceGraphPane.stories.tsx		0
apps/ui/src/features/workspaces/WorkspaceHydrateProgress.stories.tsx		0
apps/ui/src/features/workspaces/WorkspaceHydrateProgress.test.tsx	"2:import { renderToStaticMarkup } from ""react-dom/server"" | 15:const markup = renderToStaticMarkup( | 37:const markup = renderToStaticMarkup( | 66:const markup = renderToStaticMarkup("	4
apps/ui/src/features/workspaces/WorkspaceNavList.stories.tsx		0
apps/ui/src/features/workspaces/WorkspaceNavRow.stories.tsx		0
apps/ui/src/features/workspaces/WorkspacePane.stories.tsx		0
apps/ui/src/features/workspaces/WorkspacePierreFile.stories.tsx		0
apps/ui/src/features/workspaces/WorkspaceRepositoryPicker.stories.tsx		0
apps/ui/src/features/workspaces/WorkspaceSettingsPane.stories.tsx		0
apps/ui/src/features/workspaces/WorkspaceSurface.stories.tsx		0
apps/ui/src/features/workspaces/conversation-git-tree-snapshot.test.ts		0
apps/ui/src/features/workspaces/conversationPublish.test.ts		0
apps/ui/src/features/workspaces/ensure-route-data.test.ts		0
apps/ui/src/features/workspaces/fileTabs.test.ts		0
apps/ui/src/features/workspaces/fileTreeMutations.test.ts		0
apps/ui/src/features/workspaces/gitUrl.test.ts		0
apps/ui/src/features/workspaces/github-workspace-destination-nav.test.ts		0
apps/ui/src/features/workspaces/nav.test.ts		0
apps/ui/src/features/workspaces/pane.test.ts		0
apps/ui/src/features/workspaces/projection.test.ts		0
apps/ui/src/features/workspaces/queries.test.ts		0
apps/ui/src/features/workspaces/workspaceChatWebSocket.test.ts	"23:const fetchMock = vi.fn(async () => | 29:vi.stubGlobal(""fetch"", fetchMock)"	2
apps/ui/src/features/workspaces/workspaceDeleteNameMatches.test.ts		0
apps/ui/src/features/workspaces/writeStatusLabel.test.ts		0
apps/ui/src/lib/api-result.test.ts	80:vi.stubGlobal( | 82:vi.fn(() =>	2
apps/ui/src/lib/atlassian-oauth-messages.test.ts		0
apps/ui/src/lib/auth-client.test.ts	"3:const createAuthClientMock = vi.fn(() => ({})) | 4:const apiKeyClientMock = vi.fn(() => ""apiKeyPlugin"") | 5:const deviceAuthorizationClientMock = vi.fn(() => ""deviceAuthorizationPlugin"") | 6:const organizationClientMock = vi.fn(() => ""organizationPlugin"") | 7:const twoFactorClientMock = vi.fn(() => ""twoFactorPlugin"") | 8:const oauthProviderClientMock = vi.fn(() => ""oauthProviderPlugin"") | 10:vi.mock(""better-auth/react"", () => ({ | 14:vi.mock(""better-auth/client/plugins"", () => ({ | 20:vi.mock(""@better-auth/oauth-provider/client"", () => ({ | 24:vi.mock(""@better-auth/api-key/client"", () => ({"	10
apps/ui/src/lib/auth-continuation.test.ts		0
apps/ui/src/lib/org-gate.test.ts		0
apps/ui/src/providers/AuthProvider.test.tsx	"1:import { renderToStaticMarkup } from ""react-dom/server"" | 5:const useRouterMock = vi.fn() | 6:const useGetAuthConfigMock = vi.fn() | 7:const useAuthEvlogIdentityMock = vi.fn() | 8:const authQueryProviderMock = vi.fn() | 9:const authUiProviderTanstackMock = vi.fn() | 11:vi.mock(""@tanstack/react-router"", () => ({ | 16:vi.mock(""@/lib/useGetAuthConfig"", () => ({ | 20:vi.mock(""@/lib/useAuthEvlogIdentity"", () => ({ | 24:vi.mock(""@daveyplate/better-auth-tanstack"", () => ({"	13
apps/ui/src/router.test.ts		0
apps/ui/src/routes/-$orgSlug.test.ts		0
apps/ui/src/routes/-auth.stories.tsx		0
apps/ui/src/routes/-connectors.stories.tsx		0
apps/ui/src/routes/-home.stories.tsx		0
apps/ui/src/routes/-onboarding.stories.tsx		0
apps/ui/src/routes/-workspaces.new.stories.tsx		0
packages/aws-cdk/src/efs-mount.test.ts		0
packages/aws-cdk/src/model-provider.test.ts		0
packages/aws-cdk/src/secrets-construct.test.ts		0
packages/aws-cdk/src/size-profiles.test.ts		0
packages/cli/test/argv.test.ts		0
packages/cli/test/ctxpipe-config.test.ts		0
packages/cli/test/init-memory.test.ts	"2:import { existsSync, mkdtempSync, mkdirSync, readFileSync, writeFileSync } from ""node:fs"" | 38:readFileSync(join(cwd, "".cursor"", ""mcp.json""), ""utf8""), | 58:const readme = readFileSync(join(cwd, "".ai"", ""memory"", ""README.md""), ""utf8"") | 76:readFileSync(join(cwd, "".ctxpipe"", ""config.json""), ""utf8""), | 97:readFileSync(join(cwd, "".cursor"", ""mcp.json""), ""utf8""), | 117:expect(readFileSync(join(cwd, "".ai"", ""memory"", ""README.md""), ""utf8"")).toBe( | 135:readFileSync(join(cwd, "".ctxpipe"", ""config.json""), ""utf8""),"	7
packages/cli/test/mcp-doctor.test.ts	"15:return vi.fn(async (input: string | URL | Request) => { | 113:const fetchFn = vi.fn(async (input: string | URL | Request) => { | 136:const fetchFn = vi.fn( | 163:const fetchFn = vi.fn( | 189:const fetchFn = vi.fn( | 217:const fetchFn = vi.fn( | 254:vi.stubGlobal( | 256:vi.fn(async () => { | 260:const log = vi.spyOn(console, ""log"").mockImplementation(() => undefined) | 278:vi.stubGlobal(""fetch"", healthyFetch())"	11
packages/cli/test/mcp-operations.test.ts		0
packages/cli/test/memory-init.test.ts	"2:import { existsSync, mkdtempSync, mkdirSync, readFileSync, writeFileSync } from ""node:fs"" | 43:const memoryRule = readFileSync( | 59:readFileSync( | 67:readFileSync(join(cwd, "".cursor"", ""hooks.json""), ""utf8""), | 84:const gitignore = readFileSync(join(cwd, "".gitignore""), ""utf8"") | 98:readFileSync(join(cwd, "".claude"", ""settings.json""), ""utf8""), | 125:readFileSync(join(home, "".claude"", ""settings.json""), ""utf8""), | 145:const codexToml = readFileSync(join(cwd, "".codex"", ""config.toml""), ""utf8"") | 150:expect(readFileSync(join(cwd, ""AGENTS.md""), ""utf8"")).toContain( | 158:readFileSync(join(cwd, ""opencode.json""), ""utf8""),"	27
packages/cli/test/memory/capture.test.ts	"5:readFileSync, | 123:const line = readFileSync(candidates, ""utf8"").trim().split(""\n"")[0] | 224:const firstLine = readFileSync(candidatesPath, ""utf8"").trim().split(""\n"")[0] | 318:const firstLine = readFileSync( | 574:const lines = readFileSync( | 607:readFileSync(join(cwd, "".ai"", ""memory"", ""events"", ""lifecycle.json""), ""utf8""),"	6
packages/cli/test/memory/evals/live-eval.test.ts	"1:import { readFileSync } from ""node:fs"" | 12:const scenario = readFileSync( | 40:it.skipIf(true || !enabled)("	3
packages/cli/test/memory/harness/memory-harness.e2e.test.ts	"7:readFileSync, | 59:const body = readFileSync(full, ""utf8"") | 72:return readFileSync(path, ""utf8"") | 86:const data = JSON.parse(readFileSync(path, ""utf8"")) as { | 121:readFileSync(join(FIXTURES, ""cursor-afterFileEdit.json""), ""utf8""), | 144:readFileSync( | 180:readFileSync(join(FIXTURES, ""claude-stop.json""), ""utf8""), | 233:? readFileSync(join(decisions, ""index.md""), ""utf8"") | 246:`${readFileSync(lessonPath, ""utf8"").trimEnd()}\n\n## Harness\n\n- ${planted}\n`, | 252:`${readFileSync(indexPath, ""utf8"").trimEnd()}\n| Harness note | lessons-learned.md | ${planted} |\n`,"	12
packages/cli/test/memory/memory-capture-sh.test.ts	"7:readFileSync, | 40:writeFileSync(wrapper, readFileSync(WRAPPER_SRC, ""utf8"")) | 86:expect(readFileSync(bunLog, ""utf8"")).toContain(""packages/cli/src/cli.ts"") | 87:expect(() => readFileSync(turboLog, ""utf8"")).toThrow() | 88:expect(() => readFileSync(nodeLog, ""utf8"")).toThrow() | 102:expect(() => readFileSync(bunLog, ""utf8"")).toThrow() | 103:expect(readFileSync(turboLog, ""utf8"")).toMatch( | 106:expect(readFileSync(nodeLog, ""utf8"")).toContain(""memory capture finalize"") | 120:expect(() => readFileSync(nodeLog, ""utf8"")).toThrow() | 134:expect(() => readFileSync(nodeLog, ""utf8"")).toThrow()"	10
